"","code","prolific_id","item01","item02","item03","item04","item05","item06","item07","item08","item09","item10","item11","item12","item13","item14","item15","item16","item17","item18","item19","item20","item21","item22","item23","item24","item25","item26","item27","item28","item29","item30","item31","item32","item33","item34","item35","item36","item37","item38","item39","item40","item41","item42","item43","item44","item45","item46","item47","item48","item49","item50","item51","item52","item53","item54","item55","item56","item57","item58","item59","item60","item61","item62","item63","item64","HMTS_01","HMTS_02","HMTS_03","HMTS_04","HMTS_05","HMTS_06","clicked","correct","HMTS_clicked","HMTS_correct","miniq_c1","miniq_c2","miniq_c3"
"1","hcpibfmylkr35ocs","5cdc111d8738880001d23c6e",1,1,1,1,1,1,1,1,1,1,0,1,0,1,1,1,1,1,1,1,1,1,1,1,1,0,0,1,1,0,1,0,0,0,0,0,0,0,0,0,0,0,0,0,0,0,0,0,0,0,0,0,0,0,0,0,0,0,0,0,0,0,0,0,1,1,1,0,0,1,31,26,6,4,0.454545454545455,0.380952380952381,0.380952380952381
"2","hcpibfmylkr3bkfq","6480af81965e6c26354a944d",1,1,1,1,1,1,1,1,1,1,1,1,1,1,1,1,1,1,1,1,1,1,1,1,1,1,1,1,1,1,1,1,1,1,1,1,1,1,1,1,1,1,1,1,1,1,1,1,1,1,0,0,0,0,0,0,0,0,0,0,0,0,0,0,1,1,1,1,1,1,50,50,6,6,0.772727272727273,0.80952380952381,0.761904761904762
"3","hcpibfmylkr3iyfi","6480385e2fbe25fc0b9a719d",1,1,1,1,1,1,1,1,1,1,1,1,1,1,1,1,1,1,1,1,1,1,1,1,1,1,0,0,0,0,0,0,0,0,0,0,0,0,0,0,0,0,0,0,0,0,0,0,0,0,0,0,0,0,0,0,0,0,0,0,0,0,0,0,0,0,0,0,0,0,26,26,6,0,0.409090909090909,0.428571428571429,0.380952380952381
"4","hcpibfmylkr3sxig","6431a5dcbde280f0a08d92a4",1,1,1,1,1,1,1,1,1,1,1,1,1,1,1,1,1,1,1,1,1,1,1,1,1,1,1,1,1,1,1,1,1,1,1,1,1,0,0,0,0,0,0,0,0,0,0,0,0,0,0,0,0,0,0,0,0,0,0,0,0,0,0,0,1,1,1,1,1,1,37,37,6,6,0.590909090909091,0.571428571428571,0.571428571428571
"5","hcpibfmylkr42fcv","611ba1976cd48fdde1f9edd3",1,1,1,1,1,1,1,1,1,1,1,1,1,1,1,1,1,1,1,1,1,1,1,1,1,1,1,1,1,1,1,1,1,1,1,1,1,1,1,1,1,1,1,1,1,1,1,1,1,1,1,1,1,1,1,1,1,1,1,0,0,0,0,0,0,1,0,0,0,0,59,59,6,1,0.909090909090909,0.952380952380952,0.904761904761905
"6","hcpibfmylkr48tr3","6435d9286bfeedf138d25972",1,1,1,1,1,1,1,1,1,1,1,1,1,1,1,1,1,1,1,1,1,1,1,1,1,1,1,1,1,1,1,1,1,1,1,0,0,0,0,0,0,0,0,0,0,0,0,0,0,0,0,0,0,0,0,0,0,0,0,0,0,0,0,0,1,1,0,0,0,1,35,35,6,3,0.545454545454545,0.571428571428571,0.523809523809524
"7","hcpibfmylkr4a4vu","648f3ab974a911ab9208322d",1,1,1,1,1,1,1,1,1,1,1,1,1,0,1,1,1,1,1,1,1,1,1,1,1,1,1,1,1,1,1,1,1,1,1,1,1,1,1,1,1,1,1,1,1,1,1,1,0,0,0,0,0,0,0,0,0,0,0,0,0,0,0,0,1,1,1,1,1,1,48,47,6,6,0.727272727272727,0.714285714285714,0.761904761904762
"8","hcpibfmylkr4ev71","646f3d6f312e8a3ef1e36317",1,1,1,1,1,1,1,1,1,1,1,1,1,1,1,1,1,1,1,1,1,1,1,1,1,1,1,1,1,1,1,1,1,1,1,1,1,1,1,1,1,1,1,1,1,1,1,1,1,1,1,1,1,1,1,1,1,1,0,0,0,0,0,0,0,1,0,1,1,0,58,58,6,3,0.909090909090909,0.904761904761905,0.904761904761905
"9","hcpibfmylkr4tfkf","60fd8d95b59b06d4415c8ccb",1,1,1,1,1,1,1,1,1,1,1,1,1,1,1,1,1,1,1,1,1,1,1,1,1,1,1,1,1,1,1,1,1,1,1,1,1,1,1,1,1,1,1,1,1,1,0,0,0,0,0,0,0,0,0,0,0,0,0,0,0,0,0,0,1,1,1,1,1,1,46,46,6,6,0.727272727272727,0.714285714285714,0.714285714285714
"10","hcpibfmylkr4to4o","64369636de5954c6029e89b4",1,1,1,1,1,1,1,1,1,1,1,1,1,1,1,1,1,1,1,1,1,1,1,0,0,0,0,0,0,0,0,0,0,0,0,0,0,0,0,0,0,0,0,0,0,0,0,0,0,0,0,0,0,0,0,0,0,0,0,0,0,0,0,0,1,1,0,1,0,0,23,23,6,3,0.363636363636364,0.380952380952381,0.333333333333333
"11","hcpibfmylkr4ya27","6470dd7c86d34a8aa817ae92",1,1,1,1,1,1,1,1,1,1,1,1,1,1,1,1,1,1,1,1,1,1,1,1,1,1,1,1,1,1,1,1,1,1,1,1,1,1,1,1,1,1,1,1,1,1,1,0,0,0,0,0,0,0,0,0,0,0,0,0,0,0,0,0,1,1,1,1,1,1,48,47,6,6,0.727272727272727,0.761904761904762,0.714285714285714
"12","hcpibfmylkr58h70","6462ace531773c7d13af57b9",1,1,1,1,1,1,1,1,1,1,1,1,1,1,1,1,1,1,1,1,0,1,1,1,1,1,1,0,0,0,0,0,0,0,0,0,0,0,0,0,0,0,0,0,0,0,0,0,0,0,0,0,0,0,0,0,0,0,0,0,0,0,0,0,1,1,1,1,0,1,28,26,6,5,0.409090909090909,0.428571428571429,0.380952380952381
"13","hcpibfmylkr58qj3","5a7fab56f49c9a0001f3549e",1,1,1,1,1,1,1,1,1,1,1,1,1,1,1,1,1,1,1,1,1,1,1,1,1,0,1,1,1,1,1,0,0,0,0,0,0,0,0,0,0,0,0,0,0,0,0,0,0,0,0,0,0,0,0,0,0,0,0,0,0,0,0,0,1,1,0,1,0,0,31,30,6,3,0.5,0.428571428571429,0.476190476190476
"14","hcpibfmylkr5mt70","644ab0d47b983612c7c7665e",1,1,1,1,1,1,1,1,1,1,1,1,1,1,1,1,1,1,1,1,1,1,1,1,1,1,1,1,1,1,1,1,1,1,1,1,1,1,1,1,1,1,1,1,1,1,1,1,1,1,1,1,1,1,1,1,0,0,0,0,0,0,0,0,1,1,0,0,1,0,56,56,6,3,0.863636363636364,0.904761904761905,0.857142857142857
"15","hcpibfmylkr5nx5k","6443a6f2e6ba13bcf41782ca",1,1,1,1,1,1,1,1,1,1,1,1,1,1,1,1,1,1,1,1,1,1,1,1,1,1,1,1,1,1,1,1,1,0,0,0,0,0,0,0,0,0,0,0,0,0,0,0,0,0,0,0,0,0,0,0,0,0,0,0,0,0,0,0,1,1,1,1,1,1,33,33,6,6,0.5,0.523809523809524,0.523809523809524
"16","hcpibfmylkr6k0vm","64778e3af9f5b02318493091",1,1,1,1,1,1,1,1,1,1,1,1,0,1,1,1,1,1,1,0,1,1,1,1,1,1,1,1,0,0,0,0,0,0,0,0,0,0,0,0,0,0,0,0,0,0,0,0,0,0,0,0,0,0,0,0,0,0,0,0,0,0,0,0,1,0,1,1,1,0,28,26,6,4,0.409090909090909,0.380952380952381,0.428571428571429
"17","hcpibfmylkr6o3qf","6154d06b17c275e888a310a4",1,1,1,1,1,1,1,1,1,1,1,1,1,1,1,1,1,1,1,1,1,1,1,1,1,1,1,1,1,1,1,1,1,1,1,1,1,1,1,1,1,1,1,1,1,1,1,1,1,1,1,1,1,1,1,1,1,1,1,1,1,1,0,0,1,1,1,0,1,0,62,62,6,4,0.954545454545455,1,0.952380952380952
"18","hcpibfmylkr6x697","5f56506b2a8fb805ac024015",1,1,1,1,1,1,1,1,1,1,1,1,1,1,1,1,1,1,1,1,1,1,1,1,1,1,0,1,1,1,1,1,1,1,1,1,1,1,1,1,1,1,1,1,1,1,1,1,1,1,1,1,1,1,1,1,1,0,0,0,0,0,0,0,1,1,0,1,1,1,57,56,6,5,0.863636363636364,0.904761904761905,0.857142857142857
"19","hcpibfmylkr709pd","627e9e7f94f3cc0ded996731",1,1,1,1,1,1,1,1,1,1,1,1,1,1,1,1,1,1,1,1,1,1,1,1,0,1,1,1,1,1,1,1,1,1,1,1,1,1,1,1,1,1,1,0,0,0,0,0,0,0,0,0,0,0,0,0,0,0,0,0,0,0,0,0,1,1,1,1,1,0,43,42,6,5,0.636363636363636,0.666666666666667,0.666666666666667
"20","hcpibg82lks23qxi","5ac0e859e734400001da0c3d",1,1,1,1,1,1,0,1,1,1,0,1,0,1,1,1,1,1,1,1,1,1,1,1,1,1,1,1,1,1,1,1,1,1,1,1,1,1,1,1,1,1,0,0,0,0,0,0,0,0,0,0,0,0,0,0,0,0,0,0,0,0,0,0,1,1,1,1,1,0,42,39,6,5,0.545454545454545,0.619047619047619,0.666666666666667
"21","hcpibg82lks29c81","63c54053d14cc248d3bffebd",1,1,1,1,1,1,1,1,1,1,1,1,1,1,1,1,1,1,1,1,1,1,1,1,1,0,0,0,0,0,0,0,0,0,0,0,0,0,0,0,0,0,0,0,0,0,0,0,0,0,0,0,0,0,0,0,0,0,0,0,0,0,0,0,1,1,1,1,1,0,25,25,5,5,0.409090909090909,0.380952380952381,0.380952380952381
"22","hcpibg82lks2d2jf","6488b41ef2386fdef75cb923",1,1,1,1,1,1,1,0,1,1,1,1,1,1,1,1,1,1,1,1,1,1,1,1,1,1,1,1,0,0,0,0,0,0,0,0,0,0,0,0,0,0,0,0,0,0,0,0,0,0,0,0,0,0,0,0,0,0,0,0,0,0,0,0,1,1,1,1,1,1,28,27,6,6,0.454545454545455,0.380952380952381,0.428571428571429
"23","hcpibg82lks2krli","61529431424a44b8051adf15",1,1,1,1,1,1,1,1,1,1,1,1,1,1,1,1,1,1,1,1,1,1,1,1,1,1,0,0,0,0,0,0,0,0,0,0,0,0,0,0,0,0,0,0,0,0,0,0,0,0,0,0,0,0,0,0,0,0,0,0,0,0,0,0,1,0,1,1,1,0,26,26,6,4,0.409090909090909,0.428571428571429,0.380952380952381
"24","hcpibg82lks2orfs","646df9016a901d098f0e2c19",1,1,1,1,1,1,1,1,1,1,1,1,1,1,1,1,1,1,1,1,1,1,1,1,1,1,1,1,1,1,1,1,1,1,1,1,1,1,1,1,1,1,1,1,1,1,1,1,1,1,1,1,1,1,0,0,0,0,0,0,0,0,0,0,1,1,1,1,1,0,54,54,6,5,0.818181818181818,0.857142857142857,0.857142857142857
"25","hcpibg82lks2qxdd","5cc47a4f68d02c00131d0d2b",1,1,1,1,1,1,0,1,1,1,0,1,1,1,1,1,1,1,1,0,1,1,1,1,1,1,1,1,1,1,1,1,1,1,0,0,0,0,0,0,0,0,0,0,0,0,0,0,0,0,0,0,0,0,0,0,0,0,0,0,0,0,0,0,0,1,1,1,0,0,35,31,6,3,0.5,0.428571428571429,0.523809523809524
"26","hcpibg82lks38ryz","6384d7973c9a9ef0853aa070",1,1,1,1,1,1,1,1,1,1,1,1,1,1,1,1,1,1,1,1,1,1,1,1,1,1,1,1,1,1,1,1,1,1,1,0,0,0,0,0,0,0,0,0,0,0,0,0,0,0,0,0,0,0,0,0,0,0,0,0,0,0,0,0,1,1,1,1,1,0,35,35,6,5,0.545454545454545,0.571428571428571,0.523809523809524
"27","hcpibg82lks3hr4r","6462a5480408abdffb7649a3",1,1,1,1,1,1,1,1,1,1,1,1,1,1,1,1,1,1,1,1,1,1,1,1,1,0,0,1,1,1,0,1,1,1,1,1,1,1,1,1,1,1,1,1,1,1,1,1,1,1,1,1,1,1,1,1,1,0,0,0,0,0,0,0,1,1,1,1,1,1,57,54,6,6,0.818181818181818,0.857142857142857,0.857142857142857
"28","hcpibg82lks3iwgc","607c8faf6d8e98b09d585eb3",1,1,1,1,1,1,1,1,1,1,1,1,1,1,1,1,1,1,1,1,1,1,1,1,1,1,1,1,1,1,1,1,1,1,1,1,1,1,1,1,1,1,0,0,0,0,0,0,0,0,0,0,0,0,0,0,0,0,0,0,0,0,0,0,1,1,1,1,1,1,42,42,6,6,0.636363636363636,0.666666666666667,0.666666666666667
"29","hcpibg82lks3l24g","64401523970682e1282c8682",1,1,1,1,1,1,1,1,1,1,1,1,1,1,1,1,1,1,1,1,1,1,1,1,1,1,1,1,1,1,1,1,1,1,1,1,1,1,1,1,1,1,1,1,1,1,1,1,1,1,1,1,1,1,1,1,1,0,1,1,1,1,1,1,1,1,1,1,1,1,64,63,6,6,0.954545454545455,1,1
"30","hcpibg82lks3nibj","6106b205f9c074910b3f227f",1,1,1,1,1,1,1,1,1,1,1,0,0,0,0,0,0,0,0,0,0,0,0,0,0,0,0,0,0,0,0,0,0,0,0,0,0,0,0,0,0,0,0,0,0,0,0,0,0,0,0,0,0,0,0,0,0,0,0,0,0,0,0,0,0,1,1,1,1,0,11,11,6,4,0.181818181818182,0.19047619047619,0.142857142857143
"31","hcpibg82lks3qx07","646b607e88557c2ff4f0de85",1,1,1,1,1,1,1,0,0,1,0,1,1,1,1,1,1,1,1,1,1,1,1,1,1,0,0,0,0,0,0,0,0,0,0,0,0,0,0,0,0,0,0,0,0,0,0,0,0,0,0,0,0,0,0,0,0,0,0,0,0,0,0,0,1,0,1,0,0,0,26,22,6,2,0.409090909090909,0.285714285714286,0.333333333333333
"32","hcpibg82lks3z0ju","61534b6c1614a5478e1cad97",1,1,1,1,0,1,1,1,1,1,1,1,1,1,1,1,1,1,1,1,1,1,1,1,1,0,0,0,0,0,0,0,0,0,0,0,0,0,0,0,0,0,0,0,0,0,0,0,0,0,0,0,0,0,0,0,0,0,0,0,0,0,0,0,0,0,1,1,0,1,25,24,6,3,0.409090909090909,0.333333333333333,0.380952380952381
"33","hcpibg82lks46rdp","63e1187a668c92bfd9371d1e",1,1,1,1,1,1,1,1,1,1,1,1,1,1,1,1,1,1,1,1,1,1,1,1,1,1,1,1,1,1,1,1,1,1,1,1,1,1,1,1,1,1,1,1,1,1,1,1,1,1,1,1,1,1,1,1,1,1,1,1,0,0,0,0,1,1,0,1,1,0,60,60,6,4,0.909090909090909,0.952380952380952,0.952380952380952
"34","hcpibg82lks48cjs","5f05b43b8f3e97058d2dc38b",1,1,1,1,1,1,1,1,1,1,1,1,1,1,1,1,1,1,1,1,1,1,1,1,1,1,1,1,1,1,1,1,1,1,1,1,1,1,1,1,0,0,0,0,0,0,0,0,0,0,0,0,0,0,0,0,0,0,0,0,0,0,0,0,1,1,1,1,1,0,40,40,6,5,0.636363636363636,0.619047619047619,0.619047619047619
"35","hcpibg82lks4hdb3","60ba3088abc81f18cb91539b",1,1,1,1,1,1,1,1,1,1,1,1,1,1,1,1,1,1,1,1,1,1,1,1,1,1,1,1,1,1,1,0,0,0,0,0,0,0,0,0,0,0,0,0,0,0,0,0,0,0,0,0,0,0,0,0,0,0,0,0,0,0,0,0,1,1,1,1,1,0,31,31,6,5,0.5,0.476190476190476,0.476190476190476
"36","hcpibg82lks4i69i","5fe211d284b3a9d2a78a8592",1,1,1,1,1,1,1,1,1,1,1,1,1,1,1,1,1,1,1,1,1,1,1,1,1,1,1,1,1,1,1,1,1,1,1,1,1,1,1,1,1,1,1,1,1,1,0,0,0,0,0,0,0,0,0,0,0,0,0,0,0,0,0,0,1,1,1,1,1,1,46,46,6,6,0.727272727272727,0.714285714285714,0.714285714285714
"37","hcpibg82lks4osy6","648620c349cfd196b8007b2d",1,1,1,1,1,1,1,1,1,1,1,1,1,1,1,1,1,1,1,1,1,1,1,1,1,1,1,1,1,1,1,1,1,1,1,1,1,1,1,1,1,1,1,1,1,1,1,1,1,1,1,1,1,1,1,1,1,1,1,1,1,1,1,1,1,1,1,1,1,0,64,64,6,5,1,1,1
"38","hcpibg82lks4spzm","6426e0d830286b7e70d57fa9",1,1,1,1,1,1,1,1,1,1,1,1,1,1,1,1,1,1,1,1,1,1,1,1,1,1,1,1,1,1,1,1,1,1,1,1,1,1,1,1,1,1,1,0,0,0,0,0,0,0,0,0,0,0,0,0,0,0,0,0,0,0,0,0,1,1,1,1,0,1,43,43,6,5,0.681818181818182,0.666666666666667,0.666666666666667
"39","hcpibg82lks56z4l","63f6216fd56701af4b7188f4",1,1,1,1,1,1,1,1,1,1,1,1,1,1,1,1,1,1,1,1,1,1,1,1,1,1,1,1,1,1,1,1,1,1,1,1,1,1,1,1,1,1,1,1,1,1,1,1,1,1,1,1,1,0,0,0,0,0,0,0,0,0,0,0,1,1,0,0,1,0,53,53,6,3,0.818181818181818,0.857142857142857,0.80952380952381
"40","hcpibg82lks5t68d","615a039e866ae3bae25d9cba",1,1,1,1,1,1,1,1,1,1,1,1,1,1,1,1,1,1,1,1,1,1,1,1,1,1,1,1,1,1,1,1,1,1,1,1,1,1,1,1,1,1,1,1,1,1,1,0,1,1,1,1,1,1,1,1,1,1,1,1,1,1,0,0,1,1,1,1,1,0,62,61,6,5,0.954545454545455,1,0.904761904761905
"41","hcpibg82lks6klma","5d0f89123382180001624f48",1,1,1,1,1,1,1,1,1,1,1,1,1,1,1,1,1,1,1,1,1,1,1,1,1,1,1,1,1,1,1,1,1,1,1,1,1,1,1,1,1,1,1,1,1,1,1,0,0,1,1,1,1,1,1,1,1,1,1,1,1,1,0,0,1,1,0,1,1,1,63,60,6,5,0.909090909090909,1,0.904761904761905
"42","hcpibg82lks6ts2w","627bc3f6c5ff6d70cb3eb9e2",1,1,1,1,1,1,1,1,1,1,1,1,1,1,1,1,1,1,1,1,1,1,1,1,1,1,1,1,1,1,1,1,1,1,1,1,1,1,1,1,1,1,1,0,0,0,0,0,0,0,0,0,0,0,0,0,0,0,0,0,0,0,0,0,1,1,1,1,0,1,43,43,6,5,0.681818181818182,0.666666666666667,0.666666666666667
"43","hcpibg82lks7e0wk","63bd9467ea3c9a7021048289",1,1,1,1,1,1,1,1,1,1,1,1,1,1,1,0,1,1,0,0,0,0,0,0,0,0,0,0,0,0,0,0,0,0,0,0,0,0,0,0,0,0,0,0,0,0,0,0,0,0,0,0,0,0,0,0,0,0,0,0,0,0,0,0,0,1,1,0,0,1,18,17,6,3,0.227272727272727,0.285714285714286,0.285714285714286
"44","hcpibg82lks7lbht","601003850fe88f252e98061a",1,1,1,1,1,1,1,1,1,1,1,1,1,1,1,1,1,1,1,1,1,0,1,1,1,1,1,1,1,1,1,1,1,1,1,1,1,1,1,1,1,1,1,1,1,1,1,1,1,1,1,1,1,1,1,1,1,1,1,1,0,1,1,1,1,1,1,1,1,0,64,62,6,5,0.909090909090909,1,1
"45","hcpibg82lks8do4a","64bd9b3de208533f6a7fee94",1,1,1,1,1,1,1,1,1,1,0,1,1,1,1,1,1,1,1,0,1,1,1,1,1,0,0,1,1,1,1,0,0,0,0,0,0,0,0,0,0,0,0,0,0,0,0,0,0,0,0,0,0,0,0,0,0,0,0,0,0,0,0,0,1,1,1,1,1,1,31,27,6,6,0.5,0.333333333333333,0.428571428571429
"46","hcpibg82lks9bv4a","6169baf37a9c3c43f010cedb",1,1,1,1,1,1,1,1,1,1,1,1,1,1,1,1,1,1,1,1,1,1,1,1,1,1,1,1,0,0,0,0,0,0,0,0,0,0,0,0,0,0,0,0,0,0,0,0,0,0,0,0,0,0,0,0,0,0,0,0,0,0,0,0,1,0,0,1,0,0,28,28,6,2,0.454545454545455,0.428571428571429,0.428571428571429
"47","hcpibg82lks9nm8b","5c630e19593eb0000170c115",1,1,1,1,1,1,1,1,1,0,1,1,1,1,1,1,1,1,1,1,1,1,1,1,1,1,1,1,1,1,1,1,0,1,1,1,1,1,1,1,1,1,1,1,1,1,1,1,0,1,1,1,1,1,1,1,1,1,1,0,0,0,0,0,1,1,1,1,1,1,59,56,6,6,0.818181818181818,0.952380952380952,0.857142857142857
"48","hcpibg82lks9yaa3","6101b48f3cdc587267ff02a2",1,1,1,1,1,1,1,1,1,1,1,1,1,1,0,1,1,1,1,1,1,1,1,1,1,0,1,1,1,1,1,1,1,1,1,1,1,1,1,1,1,1,1,1,1,1,0,1,1,1,1,1,1,1,1,1,1,1,0,0,0,0,0,0,1,1,0,1,1,1,58,55,6,5,0.909090909090909,0.80952380952381,0.857142857142857
"49","hcpibg82lksamiss","6046ac1161b60d0fc94b0000",1,1,1,1,1,1,1,1,1,1,1,1,1,1,0,1,1,1,1,1,1,1,1,1,1,1,1,1,1,1,1,1,0,0,0,0,0,0,0,0,0,0,0,0,0,0,0,0,0,0,0,0,0,0,0,0,0,0,0,0,0,0,0,0,1,0,0,1,1,0,31,31,6,3,0.5,0.523809523809524,0.428571428571429
"50","hcpibg82lksauism","6455296464e633b3541a251b",1,1,1,1,1,1,1,1,1,1,1,1,1,1,1,1,1,1,1,1,1,1,1,1,1,1,1,1,0,1,1,1,1,1,1,1,1,1,1,1,1,1,1,1,1,1,1,1,1,1,1,0,0,0,0,0,0,0,0,0,0,0,0,0,1,1,1,1,1,0,51,50,6,5,0.772727272727273,0.761904761904762,0.80952380952381
"51","hcpibg82lksaytyc","5f0f2d844bd1730900000db5",1,1,1,1,1,1,1,1,1,1,1,1,1,1,1,1,1,1,1,1,1,1,1,1,1,1,1,1,1,1,1,1,1,1,1,1,1,1,1,1,1,1,1,1,1,1,1,1,0,0,0,0,0,0,0,0,0,0,0,0,0,0,0,0,1,1,0,1,0,0,48,48,6,3,0.727272727272727,0.761904761904762,0.761904761904762
"52","hcpibg82lksaz1kz","64271ae03b6ddfdefdba4eed",1,1,0,1,1,1,1,1,1,1,1,1,1,0,0,0,0,0,0,0,0,0,0,0,0,0,0,0,0,0,0,0,0,0,0,0,0,0,0,0,0,0,0,0,0,0,0,0,0,0,0,0,0,0,0,0,0,0,0,0,0,0,0,0,1,1,1,0,1,0,13,12,6,4,0.227272727272727,0.19047619047619,0.142857142857143
"53","hcpibg82lksb8bi9","5a949ec635237b00011250ca",1,1,1,1,1,1,1,1,1,1,1,1,1,1,1,1,1,1,1,1,1,1,1,1,1,1,1,1,1,1,1,1,1,1,1,1,1,1,1,1,1,1,1,1,0,0,0,0,0,0,0,0,0,0,0,0,0,0,0,0,0,0,0,0,1,1,1,1,1,1,44,44,6,6,0.681818181818182,0.714285714285714,0.666666666666667
"54","hcpibg82lksbelo4","6467e530313fe9843db440cb",1,1,1,1,1,1,1,1,1,1,1,1,1,1,1,1,1,1,1,1,1,1,1,1,1,0,0,0,0,0,0,0,0,0,0,0,0,0,0,0,0,0,0,0,0,0,0,0,0,0,0,1,1,1,1,1,1,1,1,1,1,1,1,1,1,1,1,0,1,0,38,38,6,4,0.636363636363636,0.571428571428571,0.571428571428571
"55","hcpibg82lksbuogu","63614e55c5ee35cf4a0450e1",1,1,1,1,1,1,1,1,1,1,1,1,1,1,1,1,1,1,1,1,1,1,1,1,1,1,1,1,1,1,1,1,1,1,1,1,1,1,1,1,1,1,1,1,1,1,1,1,1,1,1,1,0,0,0,0,0,0,0,0,0,0,0,0,0,1,0,0,1,0,52,52,6,2,0.818181818181818,0.80952380952381,0.80952380952381
"56","hcpibg82lksc5x8b","60a91ff51c67c3ba325c85cf",1,1,1,1,1,1,1,1,1,1,1,1,1,1,1,1,1,0,0,0,0,0,0,0,0,0,0,0,0,0,0,0,0,0,0,0,0,0,0,0,0,0,0,0,0,0,0,0,0,0,0,0,0,0,0,0,0,0,0,0,0,0,0,0,1,1,1,1,1,1,17,17,6,6,0.272727272727273,0.285714285714286,0.238095238095238
"57","hcpibg82lksc64ig","60fdc6b346446f0d20b6a44a",1,1,1,1,1,1,1,1,1,1,1,1,1,1,1,1,1,1,1,1,1,1,1,1,1,1,1,1,1,1,1,1,1,1,1,1,1,1,1,1,1,1,1,1,0,0,0,0,0,0,0,0,0,0,0,0,0,0,0,0,0,0,0,0,1,1,1,1,1,0,44,44,6,5,0.681818181818182,0.714285714285714,0.666666666666667
"58","hcpibg82lksca2jq","646bb101bf214d7946b4f617",1,1,1,1,1,1,1,1,1,1,1,1,1,1,1,1,1,1,1,0,0,0,0,0,0,0,0,0,0,0,0,0,0,0,0,0,0,0,0,0,0,0,0,0,0,0,0,0,0,0,0,0,0,0,0,0,0,0,0,0,0,0,0,0,1,1,1,0,1,0,19,19,6,4,0.318181818181818,0.285714285714286,0.285714285714286
"59","hcpibg82lkscdlk7","6009464da426a161ae15684e",1,1,1,1,1,1,1,1,1,1,1,1,1,1,1,1,1,1,1,1,1,1,1,1,1,1,1,0,0,0,0,0,0,0,0,0,0,0,0,0,0,0,0,0,0,0,0,0,0,0,0,0,0,0,0,0,0,0,0,0,0,0,0,0,1,1,1,1,0,0,27,27,6,4,0.409090909090909,0.428571428571429,0.428571428571429
"60","hcpibg82lkscrpig","606b94352e103bc54d43321b",1,1,1,1,1,1,1,1,1,1,1,1,1,1,1,1,1,1,1,1,1,1,1,1,1,0,1,1,1,1,1,1,1,0,1,1,1,1,1,1,0,1,1,1,0,0,0,0,0,0,0,0,0,0,0,0,0,0,0,0,0,0,0,0,1,1,0,1,1,1,44,41,6,5,0.636363636363636,0.619047619047619,0.666666666666667
"61","hcpibg82lkscz7oz","632f7eb0f9ea967dc3cebbe9",1,1,1,1,1,1,1,1,1,1,1,1,1,1,1,1,1,1,1,1,1,1,1,1,1,1,1,1,1,1,0,1,1,1,1,1,1,1,1,1,1,1,1,1,1,1,1,1,1,1,1,1,1,1,1,1,1,1,1,0,0,0,0,0,1,1,1,1,1,1,59,58,6,6,0.863636363636364,0.952380952380952,0.904761904761905
"62","hcpibg82lksd42g9","5e5fbff6de7bcc2fc7f396db",1,1,1,1,1,1,1,1,1,1,1,1,1,1,1,1,1,1,1,1,1,1,1,1,0,1,1,0,1,1,1,1,1,1,1,1,1,1,1,1,1,1,1,1,1,1,1,1,1,1,1,1,1,1,1,1,1,1,1,1,1,1,0,0,1,1,1,1,1,1,62,60,6,6,0.863636363636364,1,0.952380952380952
"63","hcpibg82lksdina9","5fcf9f17f5a7c20ba38e9cc9",1,1,1,1,1,1,1,1,1,1,1,1,1,1,1,1,1,1,1,1,1,1,1,1,1,1,1,1,1,1,1,1,1,1,0,1,1,1,1,1,1,1,1,1,0,0,0,0,0,0,0,0,0,0,0,0,0,0,0,0,0,0,0,0,1,1,0,1,1,0,44,43,6,4,0.681818181818182,0.666666666666667,0.666666666666667
"64","hcpibg82lksg38e6","610bb674df133ae257897d2b",1,1,1,1,1,1,1,1,1,1,1,1,1,1,1,1,1,1,1,1,1,1,1,1,1,0,0,1,1,1,1,1,1,1,1,1,1,1,1,1,1,1,1,1,1,1,1,0,0,0,0,0,0,0,0,0,0,0,0,0,0,0,0,0,1,1,1,1,0,0,47,45,6,4,0.727272727272727,0.714285714285714,0.666666666666667
"65","hcpibg82lksgd6g0","611118b5e82bfbb86945bf5d",1,1,1,1,1,1,0,1,1,1,1,1,1,1,1,1,1,1,1,1,1,1,1,1,1,0,1,1,1,1,1,1,0,1,1,1,0,0,0,0,0,0,0,0,0,0,0,0,0,0,0,0,0,0,0,0,0,0,0,0,0,0,0,0,1,1,1,1,0,0,36,33,6,4,0.5,0.523809523809524,0.523809523809524
"66","hcpibg82lkskh3la","61731903be585f00cb6d0afa",1,1,1,1,1,1,1,1,1,1,1,1,1,1,1,1,1,1,1,1,0,0,0,0,0,0,0,0,0,0,0,0,0,0,0,0,0,0,0,0,0,0,0,0,0,0,0,0,0,0,0,0,0,0,0,0,0,0,0,0,0,0,0,0,1,1,0,0,0,0,20,20,6,2,0.318181818181818,0.333333333333333,0.285714285714286
"67","hcpibg82lksliu97","613ba1090afacfa15f8af1a5",1,1,1,1,1,1,1,1,1,1,1,1,1,1,1,1,1,1,1,1,1,1,1,1,1,1,1,1,0,1,1,1,1,1,1,1,1,1,1,1,1,1,1,1,1,1,1,1,0,1,0,0,0,0,0,0,0,0,0,0,0,0,0,0,1,1,1,1,1,1,50,48,6,6,0.727272727272727,0.761904761904762,0.761904761904762
"68","hcpibg82lksmcg88","627be8df969ba21063c8a31f",1,1,1,1,1,1,1,1,1,1,1,1,1,1,1,1,1,1,1,1,1,1,1,1,1,1,1,1,1,1,1,1,1,1,1,1,1,1,1,1,1,1,1,1,1,1,1,1,1,1,1,1,1,1,0,0,0,0,0,0,0,0,0,0,1,1,1,1,1,1,54,54,6,6,0.818181818181818,0.857142857142857,0.857142857142857
"69","hcpibg82lksn91f9","6436d93f4cd5762a63bbd50a",1,1,1,1,1,1,1,1,1,1,1,1,1,1,1,1,1,1,1,1,1,1,1,1,1,1,1,1,1,1,1,1,1,1,0,1,1,1,1,1,1,1,1,1,0,0,0,0,0,0,0,0,0,0,0,0,0,0,0,0,0,0,0,0,1,1,1,1,1,1,44,43,6,6,0.681818181818182,0.666666666666667,0.666666666666667
"70","hcpibg82lksovokn","5df2831c557425191b6e8edc",0,0,0,0,0,0,0,0,0,0,0,0,0,0,0,0,0,0,0,0,0,0,0,0,1,1,1,1,1,1,1,1,1,1,1,1,1,0,0,1,1,1,1,1,1,1,1,1,1,1,1,1,1,1,1,1,1,1,0,0,0,0,0,0,0,0,0,0,0,0,32,32,6,0,0.545454545454545,0.476190476190476,0.476190476190476
"71","hcpibg82lkstj67f","643a2ebe449fcc17e5bc25b9",1,1,1,1,1,1,1,1,1,1,1,1,1,1,1,1,1,1,1,1,1,1,1,1,1,1,1,1,1,1,1,1,0,0,0,0,0,0,0,0,0,0,0,0,0,0,0,0,0,0,0,0,0,0,0,0,0,0,0,0,0,0,0,0,0,1,1,1,1,0,32,32,6,4,0.5,0.523809523809524,0.476190476190476
"72","hcpibg82lksv88j9","645b7d0b1b72c90d44f270db",1,1,1,1,1,1,1,1,1,1,1,1,1,1,1,1,1,1,1,1,1,1,1,1,1,1,1,1,1,1,1,1,1,1,1,1,0,0,0,0,0,0,0,0,0,0,0,0,0,0,0,0,0,0,0,0,0,0,0,0,0,0,0,0,1,1,1,0,0,0,36,36,5,3,0.545454545454545,0.571428571428571,0.571428571428571
"73","hcpibg82lksvoodz","6082e666f316e1cd71c0bd95",1,1,1,1,1,1,1,1,1,1,1,1,1,1,1,1,1,1,1,1,1,1,1,1,1,1,1,1,1,1,1,1,1,1,1,1,1,1,1,1,1,1,1,1,1,1,1,1,1,0,0,0,0,0,0,0,0,0,0,0,0,0,0,0,1,1,1,1,1,1,49,49,6,6,0.772727272727273,0.761904761904762,0.761904761904762
"74","hcpibg82lksx9j46","5a1d44eeab721b0001ef9566",1,1,1,1,1,1,1,1,1,1,1,1,1,1,1,1,1,1,1,1,1,1,1,1,1,1,1,1,1,1,1,1,1,1,1,1,1,1,1,1,1,1,1,1,1,1,1,1,1,1,0,0,0,0,0,0,0,0,0,0,0,0,0,0,1,1,1,1,1,1,50,50,6,6,0.772727272727273,0.80952380952381,0.761904761904762
"75","hcpibg82lktcajlm","5ea957d5cb0af2036c6cec02",1,1,1,1,1,1,1,1,1,1,1,1,1,1,1,1,1,1,1,1,1,1,1,1,1,1,1,1,1,0,1,1,1,1,1,1,1,1,1,1,1,1,1,1,1,1,1,1,1,1,1,1,1,1,1,1,1,1,1,1,1,1,1,1,1,1,1,1,1,0,64,63,6,5,1,1,0.952380952380952
"76","hcpibg82lktcgxq6","5be30d2451ed78000195c6b6",1,1,1,1,1,1,1,1,1,1,1,1,1,1,1,1,1,1,1,1,1,1,1,1,1,1,1,1,1,1,1,1,1,1,1,1,1,1,1,1,1,1,1,1,1,1,1,1,1,1,1,1,1,1,0,0,0,0,0,0,0,0,0,0,1,1,1,1,1,1,54,54,6,6,0.818181818181818,0.857142857142857,0.857142857142857
"77","hcpibg82lktd84el","60fd3d262e419d609598f116",1,1,1,1,1,1,1,1,1,1,1,1,1,1,1,1,1,1,1,1,1,1,1,1,1,1,1,1,1,1,1,1,1,1,1,1,1,1,1,1,1,1,1,1,1,1,1,1,1,1,1,1,1,1,0,1,1,1,1,1,1,1,1,1,1,1,1,1,1,1,64,63,6,6,0.954545454545455,1,1
"78","hcpibg82lktdor08","633b18d7f6e8422010fe05e6",1,1,1,1,1,1,1,1,1,1,1,1,1,1,1,1,1,1,1,1,1,1,1,1,1,1,1,1,1,1,1,1,1,1,1,1,1,1,1,1,1,1,1,1,1,1,0,0,0,0,0,0,0,0,0,0,0,0,0,0,0,0,0,0,1,1,1,0,0,0,46,46,6,3,0.727272727272727,0.714285714285714,0.714285714285714
"79","hcpibg82lktdptsf","6400622639fffec7c46a5e4d",1,1,1,1,1,0,1,1,1,1,1,1,1,1,1,1,1,1,1,1,1,1,1,1,1,1,1,1,0,0,0,0,0,0,0,0,0,0,0,0,0,0,0,0,0,0,0,0,0,0,0,0,0,0,0,0,0,0,0,0,0,0,0,0,1,1,1,1,1,0,28,27,6,5,0.454545454545455,0.428571428571429,0.380952380952381
"80","hcpibg82lkte08n3","60fdd52d2407045088f348f4",1,1,1,1,1,1,1,1,1,1,1,1,1,1,1,1,1,1,1,1,1,1,1,1,1,1,1,1,0,1,0,0,0,0,0,0,0,0,0,0,0,0,0,0,0,0,0,0,0,0,0,0,0,0,0,0,0,0,0,0,0,0,0,0,1,1,1,0,1,0,30,29,6,4,0.454545454545455,0.428571428571429,0.476190476190476
"81","hcpibg82lktfwms5","60acc4335b890e33aca7b27e",1,1,1,1,1,1,1,1,1,1,1,1,1,1,1,1,1,0,1,1,1,1,1,1,1,1,1,1,1,1,1,1,1,1,1,1,1,1,1,1,1,1,1,1,1,0,0,0,0,0,0,0,0,0,0,0,0,0,0,0,0,0,0,0,1,1,1,1,1,0,45,44,6,5,0.681818181818182,0.714285714285714,0.666666666666667
"82","hcpibg82lktfzll3","5ca5d69682ff890012be8b11",1,1,1,1,1,1,1,1,1,1,1,1,1,1,1,1,1,1,1,1,1,1,1,1,1,1,1,1,1,1,1,1,1,1,1,1,1,1,0,0,0,0,0,0,0,0,0,0,0,0,0,0,0,0,0,0,0,0,0,0,0,0,0,0,1,1,1,1,1,0,38,38,6,5,0.590909090909091,0.619047619047619,0.571428571428571
"83","hcpibg82lkthdlce","5ebe645556b9d91c0e5b0658",1,1,1,1,1,1,1,1,1,1,1,1,1,1,1,1,0,1,1,1,1,1,1,1,1,0,0,1,1,1,1,1,1,1,1,1,1,1,1,1,1,1,1,1,1,1,1,1,1,1,1,0,0,0,0,0,0,0,0,0,0,0,0,0,1,1,1,1,0,0,51,48,5,4,0.772727272727273,0.714285714285714,0.761904761904762
"84","hcpibg82lkthu79u","5b7c30742158830001ea8461",1,1,1,1,1,1,1,1,1,1,1,1,1,1,1,1,1,1,1,1,1,1,1,1,1,1,1,1,1,1,1,1,1,1,1,1,1,1,1,1,1,1,1,1,1,1,1,1,1,1,1,1,1,1,1,1,1,1,1,1,1,1,1,1,0,1,1,1,0,0,64,64,6,3,1,1,1
"85","hcpibg82lktihwse","604d26915c5dc2a98d18c7fd",1,1,1,1,1,1,1,1,1,1,1,1,1,1,1,1,1,1,1,1,1,1,1,1,1,1,1,1,1,1,1,1,1,1,1,1,1,1,1,1,1,1,1,1,1,1,1,1,1,1,1,1,1,1,0,0,0,0,0,0,0,0,0,0,1,1,1,1,1,1,54,54,6,6,0.818181818181818,0.857142857142857,0.857142857142857
"86","hcpibg82lktii1au","6442f99362df9ad59f368a63",1,1,1,1,1,1,1,1,1,1,1,1,1,1,1,1,1,1,1,1,1,1,1,1,1,1,0,0,0,0,0,0,0,0,0,0,0,0,0,0,0,0,0,0,0,0,0,0,0,0,0,0,0,0,0,0,0,0,0,0,0,0,0,0,1,1,1,1,1,0,26,26,6,5,0.409090909090909,0.428571428571429,0.380952380952381
"87","hcpibg82lktimdz3","648852cc9e11e58a0d3faf5c",1,1,1,1,1,1,1,1,1,1,1,1,1,1,1,1,1,1,1,1,1,1,1,1,1,1,1,1,1,1,1,1,1,1,1,1,1,1,1,1,1,1,1,1,1,1,1,1,1,1,1,1,1,1,1,1,1,1,1,1,0,0,0,0,1,1,1,0,0,1,60,60,6,4,0.909090909090909,0.952380952380952,0.952380952380952
"88","hcpibg82lktipqpu","647f8ffc08feda4486cd821e",1,1,1,1,1,1,1,1,1,1,1,1,1,1,1,1,1,1,1,1,1,1,1,1,1,1,1,1,1,1,1,1,1,1,1,1,1,1,1,1,1,1,1,1,1,1,0,1,1,1,1,1,1,1,1,1,0,0,0,0,0,0,0,0,1,1,0,1,0,1,56,55,6,4,0.863636363636364,0.857142857142857,0.857142857142857
"89","hcpibg82lktj6avz","6473f092d0d40017259e66cb",1,1,1,1,1,1,1,1,1,1,1,1,1,1,1,1,1,1,1,1,1,1,1,1,1,1,1,1,1,0,0,0,0,0,0,0,0,0,0,0,0,0,0,0,0,0,0,0,0,0,0,0,0,0,0,0,0,0,0,0,0,0,0,0,1,1,0,0,1,1,29,29,6,4,0.454545454545455,0.476190476190476,0.428571428571429
"90","hcpibg82lktj9748","6436d230093ad5ad76de994b",1,1,1,1,1,1,1,1,1,1,1,1,0,1,1,1,1,1,1,1,1,1,1,1,1,1,1,1,1,1,1,1,1,1,0,1,1,1,1,1,1,0,1,1,1,1,1,0,0,1,1,1,0,1,1,1,1,1,0,0,0,0,0,0,0,1,1,1,1,0,58,52,6,4,0.818181818181818,0.80952380952381,0.80952380952381
"91","hcpibg82lktjd4ut","6336a0993738a9949648c23a",0,1,1,1,1,1,1,0,1,1,1,1,1,1,1,1,1,1,1,0,1,1,1,1,1,1,1,1,1,1,1,1,1,1,1,1,1,1,1,1,1,0,1,1,1,1,0,0,0,0,0,0,0,0,0,0,0,0,0,0,0,0,0,0,1,1,1,1,1,0,47,42,6,5,0.681818181818182,0.619047619047619,0.666666666666667
"92","hcpibg82lktjgtbp","6489815c8749e9c0ea5f9ca2",1,1,1,1,1,1,1,1,1,1,1,1,1,1,1,1,1,1,1,1,1,1,1,1,1,1,1,1,1,1,0,0,0,0,0,0,0,0,0,0,0,0,0,0,0,0,0,0,0,0,0,0,0,0,0,0,0,0,0,0,0,0,0,0,1,1,0,0,1,0,30,30,6,3,0.454545454545455,0.476190476190476,0.476190476190476
"93","hcpibg82lktjgwxp","6488afe97766c9083ffc3171",1,1,1,1,1,1,1,1,1,1,1,1,1,1,1,0,1,1,1,1,1,1,1,1,1,0,1,1,1,1,1,1,1,1,1,1,1,1,1,1,1,0,0,0,0,0,0,0,0,0,0,0,0,0,0,0,0,0,0,0,0,0,0,0,1,1,1,1,1,0,41,39,6,5,0.590909090909091,0.619047619047619,0.619047619047619
"94","hcpibg82lktjhqoz","6155869bc689974635969b8a",1,1,1,1,1,1,1,1,1,1,1,1,1,1,1,1,1,1,1,1,1,1,1,1,1,1,1,1,1,1,1,1,1,1,1,1,1,1,0,0,0,0,0,0,0,0,0,0,0,0,0,0,0,0,0,0,0,0,0,0,0,0,0,0,1,1,1,1,1,0,38,38,6,5,0.590909090909091,0.619047619047619,0.571428571428571
"95","hcpibg82lktji60o","644a340c2e2c194d7343deef",1,1,1,1,1,1,1,1,1,1,1,1,1,1,1,1,1,1,1,1,1,1,1,1,1,1,1,1,1,0,0,0,0,0,0,0,0,0,0,0,0,0,0,0,0,0,0,0,0,0,0,0,0,0,0,0,0,0,0,0,0,0,0,0,1,1,1,1,1,1,29,29,6,6,0.454545454545455,0.476190476190476,0.428571428571429
"96","hcpibg82lktjn6tu","610d9f0641876645890e36e9",1,1,1,1,0,1,1,1,1,1,1,1,1,1,1,1,1,1,1,1,1,1,1,1,1,1,1,1,1,1,1,1,0,0,0,0,0,0,0,0,0,0,0,0,0,0,0,0,0,0,0,0,0,0,0,0,0,0,0,0,0,0,0,0,1,1,1,1,0,1,32,31,6,5,0.5,0.476190476190476,0.476190476190476
"97","hcpibg82lktjoadz","646d07c23be762b7d9f00329",1,1,1,1,1,1,1,1,1,1,1,1,1,1,1,1,1,1,1,1,1,1,1,1,1,1,1,1,1,1,1,1,1,1,1,1,1,1,1,1,1,1,1,1,1,1,0,1,1,1,1,1,1,0,0,0,0,0,0,0,0,0,0,0,1,1,1,1,0,0,53,52,6,4,0.818181818181818,0.80952380952381,0.80952380952381
"98","hcpibg82lktjxhhw","6432bd53be7f749c2dd61f22",1,1,1,1,1,1,1,1,1,1,1,1,0,1,0,1,1,0,0,1,1,0,1,1,1,0,1,0,1,1,0,1,1,0,1,0,1,1,0,0,0,1,1,1,0,0,1,0,1,1,1,0,0,0,0,0,1,1,1,1,0,1,1,1,1,1,1,0,0,0,64,42,6,3,0.5,0.80952380952381,0.666666666666667
"99","hcpibg82lktjz06d","63cf5dcd6dbd0452632b58bb",1,1,1,1,1,1,1,1,1,1,1,1,1,1,1,1,1,1,1,1,1,1,1,1,1,1,1,1,1,1,1,1,1,1,1,1,0,0,0,0,0,0,0,0,0,0,0,0,0,0,0,0,0,0,0,0,0,0,0,0,0,0,0,0,1,1,1,1,1,1,36,36,6,6,0.545454545454545,0.571428571428571,0.571428571428571
"100","hcpibg82lktk9vbr","61390a644048952b4df01608",1,1,1,1,1,0,1,1,1,1,1,1,1,1,1,1,1,1,1,1,1,1,1,1,1,1,1,1,1,1,1,1,1,1,1,1,1,1,1,1,1,1,1,1,1,1,1,1,1,1,1,0,0,0,0,0,0,0,0,0,0,0,0,0,1,1,0,0,1,0,51,50,6,3,0.772727272727273,0.80952380952381,0.761904761904762
"101","hcpibg82lktkcaev","60928a250d3bfcb9a26fe8ef",1,1,1,1,1,1,1,1,1,1,1,1,1,1,1,1,1,1,1,1,1,1,1,1,1,1,1,1,0,1,1,1,1,1,1,1,1,1,1,1,1,1,1,1,1,1,1,1,1,1,1,1,0,0,0,0,0,0,0,0,0,0,0,0,1,1,1,1,1,1,52,51,6,6,0.818181818181818,0.761904761904762,0.80952380952381
"102","hcpibg82lktkdbz0","646dcf6f0d15214ebf98125c",1,1,1,1,1,1,1,1,1,1,1,1,1,1,1,1,1,1,1,0,1,1,1,1,1,1,1,1,0,1,1,1,1,1,1,1,1,1,1,1,1,1,1,1,1,1,1,1,1,1,1,1,1,0,0,0,0,0,0,0,0,0,0,0,1,1,1,1,0,0,53,51,6,4,0.818181818181818,0.761904761904762,0.80952380952381
"103","hcpibg82lktkt06v","599b3cedd0bcd10001dd939a",1,1,1,1,1,1,1,1,1,1,1,1,1,1,1,1,1,1,1,1,1,1,1,1,1,1,1,1,1,1,1,1,1,0,0,0,0,0,0,0,0,0,0,0,0,0,0,0,0,0,0,0,0,0,0,0,0,0,0,0,0,0,0,0,1,1,1,1,1,1,33,33,6,6,0.5,0.523809523809524,0.523809523809524
"104","hcpibg82lktl3cr2","5e62549164d007011d03158c",1,1,1,1,1,1,1,1,1,1,1,1,1,1,1,1,1,1,1,1,1,1,1,1,1,1,1,1,1,1,1,1,1,1,1,1,1,1,1,1,1,1,1,1,1,1,1,1,1,1,1,1,1,1,0,0,0,0,0,0,0,0,0,0,1,1,1,0,1,0,54,54,6,4,0.818181818181818,0.857142857142857,0.857142857142857
"105","hcpibg82lktl93dx","63fd0b137e38c72ea19176aa",1,1,1,1,1,1,1,1,1,1,1,1,1,1,1,1,1,1,1,1,1,1,1,1,1,1,1,1,1,1,1,1,1,1,1,1,1,1,1,1,1,1,1,1,1,1,1,1,0,0,0,0,0,0,0,0,0,0,0,0,0,0,0,0,1,1,1,0,1,1,48,48,6,5,0.727272727272727,0.761904761904762,0.761904761904762
"106","hcpibg82lktlachw","64839079b18c747557018e44",1,1,1,1,1,1,1,1,1,1,1,1,1,1,1,1,1,1,1,1,1,0,0,0,0,0,0,0,0,0,0,0,0,0,0,0,0,0,0,0,0,0,0,0,0,0,0,0,0,0,0,0,0,0,0,0,0,0,0,0,0,0,0,0,1,1,0,1,1,0,21,21,6,4,0.318181818181818,0.333333333333333,0.333333333333333
"107","hcpibg82lktlecn7","5e6a3e3d265930022e81c70b",1,1,1,1,1,1,1,1,1,1,1,1,1,1,1,1,1,1,1,1,1,1,1,1,1,1,1,1,1,1,1,1,0,1,1,1,1,1,1,1,1,1,1,1,1,1,1,0,0,0,0,0,0,0,0,0,0,0,0,0,0,0,0,0,1,1,0,1,1,0,47,46,6,4,0.727272727272727,0.761904761904762,0.666666666666667
"108","hcpibg82lktlehrc","5dc05033a958b4000deb3c5d",1,1,1,1,1,1,1,1,1,1,1,1,1,1,1,1,1,1,1,1,1,1,1,1,1,0,0,1,1,1,1,1,1,1,1,1,1,1,1,1,1,1,1,1,1,1,1,0,0,0,0,0,0,0,0,0,0,0,0,0,0,0,0,0,1,0,1,1,1,1,47,45,5,5,0.727272727272727,0.714285714285714,0.666666666666667
"109","hcpibg82lktlhwx9","6438b6ee0715799f959089aa",1,1,1,1,1,1,1,1,1,1,1,1,1,1,1,1,1,1,1,1,1,1,1,1,1,0,1,1,1,1,1,1,1,1,1,1,1,0,0,0,0,0,0,0,0,0,0,0,0,0,0,0,0,0,0,0,0,0,0,0,0,0,0,0,1,1,1,0,0,0,37,36,6,3,0.590909090909091,0.523809523809524,0.571428571428571
"110","hcpibg82lktlisht","628c232e72381eb377f33b7e",1,1,1,1,1,1,1,1,1,1,1,1,1,1,1,1,1,1,1,1,1,1,1,1,1,1,1,1,1,1,1,1,1,1,1,1,1,1,1,1,1,1,0,0,0,0,0,0,0,0,0,0,0,0,0,0,0,0,0,0,0,0,0,0,1,1,1,1,1,1,42,42,6,6,0.636363636363636,0.666666666666667,0.666666666666667
"111","hcpibg82lktll0f9","642bb32baa9d8e672a82954c",1,1,1,1,1,1,1,1,1,1,1,1,1,1,1,1,1,1,1,1,1,1,1,1,1,1,1,1,1,1,1,1,1,1,1,1,1,1,1,1,1,1,1,1,1,1,1,1,0,0,0,0,0,0,0,0,0,0,0,0,0,0,0,0,1,1,1,1,1,0,49,48,6,5,0.727272727272727,0.761904761904762,0.761904761904762
"112","hcpibg82lktllt0f","646356779caaf2150729c3bd",1,1,1,1,1,1,1,1,1,1,1,1,1,0,0,0,0,0,0,0,0,0,0,0,0,0,0,0,0,0,0,0,0,0,0,0,0,0,0,0,0,0,0,0,0,0,0,0,0,0,0,0,0,0,0,0,0,0,0,0,0,0,0,0,1,1,1,1,1,0,13,13,6,5,0.227272727272727,0.19047619047619,0.19047619047619
"113","hcpibg82lktls9t5","642b49113eed840aadcde385",1,1,1,1,1,1,1,1,1,1,1,1,1,1,1,1,1,1,1,1,1,1,1,1,1,1,1,1,1,1,1,1,1,1,1,1,1,1,1,1,1,1,1,1,1,1,1,1,1,1,1,0,0,0,0,0,0,0,0,0,0,0,0,0,1,1,1,1,1,0,51,51,6,5,0.772727272727273,0.80952380952381,0.80952380952381
"114","hcpibg82lktlu2b2","6153d9d6f7dc5d0934da7885",1,1,1,1,1,1,1,1,1,1,1,1,1,1,1,1,1,1,1,1,1,1,1,1,1,1,1,1,1,1,1,1,1,1,1,1,1,1,1,1,1,1,1,1,1,1,1,1,1,1,1,1,1,1,1,1,1,1,1,1,1,1,1,1,1,1,1,0,0,1,64,64,6,4,1,1,1
"115","hcpibg82lktlymox","6461e4c502a99337581003f7",1,1,1,1,1,1,1,1,1,1,1,1,1,1,1,1,1,1,1,1,1,1,0,1,1,1,1,1,1,1,1,1,1,1,1,0,0,0,0,0,0,0,0,0,0,0,0,0,0,0,0,0,0,0,0,0,0,0,0,0,0,0,0,0,1,1,1,1,1,1,35,34,6,6,0.545454545454545,0.523809523809524,0.523809523809524
"116","hcpibg82lktm47bc","6383ef7ebaf15dd0a6d9e1a1",1,1,1,1,1,1,1,1,1,1,1,1,1,1,1,1,1,1,1,1,1,1,1,1,1,1,1,1,1,1,1,1,1,1,1,1,1,1,1,1,0,0,0,0,0,0,0,0,0,0,0,0,0,0,0,0,0,0,0,0,0,0,0,0,1,1,0,0,1,0,40,40,6,3,0.636363636363636,0.619047619047619,0.619047619047619
"117","hcpibg82lktm4sua","64614c2cefe525353420d0b6",0,1,1,1,1,1,1,1,0,1,1,1,1,0,1,1,0,0,0,1,0,1,1,1,0,1,1,1,0,0,1,1,0,1,0,0,1,1,0,0,1,1,0,0,1,1,0,1,1,0,0,0,0,1,1,0,1,1,0,0,1,1,1,1,1,1,1,1,1,1,64,39,6,6,0.727272727272727,0.523809523809524,0.571428571428571
"118","hcpibg82lktm7yni","63b6d8d176babee94da439b6",1,1,1,1,1,1,1,1,1,1,1,1,1,1,1,1,1,1,1,1,1,1,1,1,1,1,1,1,0,0,0,0,0,0,0,0,0,0,0,0,0,0,0,0,0,0,0,0,0,0,0,0,0,0,0,0,0,0,0,0,0,0,0,0,1,1,1,1,1,1,28,28,6,6,0.454545454545455,0.428571428571429,0.428571428571429
"119","hcpibg82lktnlun5","63039174ed8692b989aa4165",0,1,1,1,1,1,1,1,1,1,1,1,1,1,1,1,1,1,1,1,1,1,1,1,1,0,1,1,1,1,1,1,1,0,0,0,0,0,0,0,0,0,0,0,0,0,0,0,0,0,0,0,0,0,0,0,0,0,0,0,0,0,0,0,1,1,1,1,1,0,34,31,6,5,0.454545454545455,0.476190476190476,0.523809523809524
"120","hcpibg82lkto54po","604defebd3dcaccc8f5aaa2c",1,1,1,1,1,1,1,1,1,1,1,1,1,1,1,1,1,1,1,1,1,1,1,1,1,0,0,1,1,1,1,1,1,1,1,1,1,1,1,1,1,1,1,1,1,1,1,1,1,1,0,1,1,1,1,0,0,0,0,0,0,0,0,0,1,1,1,0,1,0,55,52,6,4,0.863636363636364,0.80952380952381,0.761904761904762
"121","hcpibg82lktoc9uj","60060089125e50636ad6719e",1,1,1,1,1,1,1,1,1,1,1,1,1,1,1,1,1,1,1,1,1,1,1,1,1,1,1,1,1,1,1,1,1,1,1,1,1,1,1,1,1,1,1,1,1,1,1,1,1,1,1,1,1,1,0,0,0,0,0,0,0,0,0,0,1,0,1,1,1,0,54,54,6,4,0.818181818181818,0.857142857142857,0.857142857142857
"122","hcpibg82lktofunh","607c806a362210faecfdecf8",1,1,1,1,1,1,0,1,1,1,1,1,1,1,1,0,1,1,1,1,1,1,1,1,1,1,1,1,1,1,0,1,0,0,0,0,0,0,0,0,0,0,0,0,0,0,0,0,0,0,0,0,0,0,0,0,0,0,0,0,0,0,0,0,0,0,0,0,0,0,32,29,6,0,0.363636363636364,0.523809523809524,0.476190476190476
"123","hcpibg82lktolze2","60fca8c2feed564e3039aeaf",1,1,1,1,1,1,1,1,1,1,1,1,1,1,1,1,1,1,1,1,1,1,1,1,1,1,1,1,1,1,1,1,1,1,1,1,1,1,1,1,1,1,1,1,1,1,1,1,1,0,0,0,0,0,0,0,0,0,0,0,0,0,0,0,1,1,1,1,0,0,49,49,6,4,0.772727272727273,0.761904761904762,0.761904761904762
"124","hcpibg82lktpfia4","6427fca3b9cdc2513dbb5469",1,1,1,1,1,1,1,1,1,1,1,1,1,1,1,1,1,1,1,1,1,1,1,1,1,1,1,1,1,1,1,1,1,1,1,1,1,1,1,1,0,0,0,0,0,0,0,0,0,0,0,0,0,0,0,0,0,0,0,0,0,0,0,0,1,1,1,1,0,0,40,40,6,4,0.636363636363636,0.619047619047619,0.619047619047619
"125","hcpibg82lktpmbjt","5c3fc8f15327e20001dbceb7",1,1,1,1,1,1,1,1,1,1,1,1,1,1,1,1,1,1,1,1,1,1,1,1,1,0,1,1,1,1,0,1,1,1,1,1,1,1,1,0,1,1,1,0,0,0,0,0,0,0,0,0,0,0,0,0,0,0,0,0,0,0,0,0,0,1,1,1,1,1,43,40,6,5,0.590909090909091,0.619047619047619,0.666666666666667
"126","hcpibg82lktqk7g6","6120f6ca2eb5d602cf5bab95",1,1,1,1,1,1,1,1,1,1,1,1,1,1,1,1,1,1,1,1,1,1,1,1,1,1,1,1,1,1,1,1,1,1,1,1,1,1,1,1,1,1,1,1,1,1,1,1,1,1,1,1,1,1,1,1,1,1,1,1,0,0,0,0,1,1,1,1,1,1,60,60,6,6,0.909090909090909,0.952380952380952,0.952380952380952
"127","hcpibg82lktqm2oh","634306ffd0baac25033f48ce",1,1,1,1,1,1,1,1,1,1,1,1,1,1,1,1,1,1,1,1,1,1,1,1,1,1,1,1,1,1,1,1,1,1,1,1,1,1,1,1,1,1,1,1,0,0,0,0,0,0,0,0,0,0,0,0,0,0,0,0,0,0,0,0,1,1,1,1,1,1,44,44,6,6,0.681818181818182,0.714285714285714,0.666666666666667
"128","hcpibg82lkttgbcm","60fd16d617aecbf0aefaf618",1,1,1,1,1,1,1,1,1,1,1,1,1,1,1,1,1,1,1,1,1,1,1,1,1,1,1,1,1,0,1,1,1,1,1,1,1,1,1,1,1,1,1,1,1,1,1,1,1,1,1,1,1,1,0,0,0,0,0,0,0,0,0,0,1,1,1,1,1,1,54,53,6,6,0.818181818181818,0.857142857142857,0.80952380952381
"129","hcpibg82lkttmv1u","5f26653dac312a2b886d5b21",1,1,1,1,1,1,1,1,1,1,1,1,1,1,1,1,1,1,1,1,1,1,1,1,1,1,0,1,1,1,1,1,1,1,1,1,1,1,1,1,1,1,1,1,1,1,1,1,1,1,1,0,0,0,0,0,0,0,0,0,0,0,0,0,1,1,1,1,1,0,51,50,6,5,0.772727272727273,0.80952380952381,0.761904761904762
"130","hcpibg82lktunlb1","6475e509838243afc24c843a",1,1,1,1,1,1,1,1,1,1,1,1,1,1,1,1,1,1,1,1,1,1,1,1,1,1,1,1,1,0,1,1,1,1,1,0,0,0,0,0,0,0,0,0,0,0,0,0,0,0,0,0,0,0,0,0,0,0,0,0,0,0,0,0,1,1,1,1,0,0,35,34,6,4,0.545454545454545,0.571428571428571,0.476190476190476
"131","hcpibg82lktvixj3","60c373c27f986fcf789fa817",1,1,1,1,1,1,1,1,1,1,1,1,1,1,1,1,1,1,1,1,1,1,1,1,1,1,0,1,1,1,1,1,1,1,0,0,0,0,0,0,0,0,0,0,0,0,0,0,0,0,0,0,0,0,0,0,0,0,0,0,0,0,0,0,1,1,1,1,1,1,34,33,6,6,0.545454545454545,0.523809523809524,0.476190476190476
"132","hcpibg82lktx79wh","62c42b020ddc9564f77e2e24",1,1,1,1,1,1,1,1,1,1,1,1,1,1,1,1,1,1,1,1,1,1,1,1,1,1,1,1,1,1,1,1,1,1,1,1,1,1,1,1,1,1,1,0,0,0,0,0,0,0,0,0,0,0,0,0,0,0,0,0,0,0,0,0,1,1,1,1,1,0,43,43,6,5,0.681818181818182,0.666666666666667,0.666666666666667
"133","hcpibg82lktxisrd","63ff629e6c3f60d474dcdb1d",1,1,1,1,1,1,1,1,1,1,1,1,1,1,1,1,1,1,1,1,1,1,1,1,1,1,1,1,1,1,1,1,1,1,1,1,1,1,1,1,1,1,1,1,1,1,1,1,1,1,1,1,1,1,1,1,1,1,1,1,1,1,1,0,1,1,1,1,1,1,63,63,6,6,0.954545454545455,1,1
"134","hcpibg82lktxmvuw","6467b280fa39481f4dcde464",1,1,1,1,1,1,1,1,1,1,1,1,1,1,1,1,1,1,1,1,1,1,1,1,1,1,1,1,1,1,1,1,1,1,1,1,1,1,1,1,1,1,1,1,1,1,1,1,0,0,0,0,0,0,0,0,0,0,0,0,0,0,0,0,0,1,1,1,1,1,48,48,6,5,0.727272727272727,0.761904761904762,0.761904761904762
"135","hcpibg82lktyblri","647316987bab09779f5f59e9",1,1,1,1,1,1,1,1,1,1,1,1,1,1,1,1,1,1,1,1,1,1,1,1,1,1,1,1,1,1,1,1,1,1,1,1,1,1,1,1,1,1,1,1,1,1,1,0,0,0,0,0,0,0,0,0,0,0,0,0,0,0,0,0,1,1,1,0,1,0,47,47,6,4,0.727272727272727,0.761904761904762,0.714285714285714
"136","hcpibg82lktyfh09","5f1715072b20d0020b0e383c",1,1,1,1,1,1,1,1,1,1,1,1,1,1,1,1,1,1,1,1,1,1,1,1,1,1,1,1,1,1,1,1,1,1,1,1,1,1,1,1,1,1,1,1,1,1,1,0,0,0,0,0,0,0,0,0,0,0,0,0,0,0,0,0,0,0,0,1,1,0,48,47,6,2,0.727272727272727,0.761904761904762,0.714285714285714
"137","hcpibg82lktyyba3","64629020124faf20492db9b0",1,1,1,0,1,1,0,1,1,1,1,1,1,1,1,1,1,1,0,1,1,1,1,1,1,0,1,1,0,1,1,1,1,1,1,1,1,1,1,1,1,1,1,1,1,0,0,0,0,0,0,0,0,0,0,0,0,0,0,0,0,0,0,0,1,1,0,0,1,0,44,40,6,3,0.545454545454545,0.619047619047619,0.714285714285714
"138","hcpibg82lktyzcl9","629756625dc7cf458e36151f",1,0,1,1,1,1,1,1,1,1,1,1,1,1,1,1,1,1,1,1,1,1,1,1,1,1,1,1,1,1,1,1,1,1,1,1,1,1,1,1,1,1,1,1,1,1,0,1,1,0,1,0,0,0,0,0,0,0,0,0,0,0,0,0,0,0,0,0,1,0,52,48,6,1,0.772727272727273,0.666666666666667,0.80952380952381
"139","hcpibg82lku7dv45","5ea1e8daeebbed0dabdaee6d",1,1,1,1,1,1,1,1,1,1,1,1,1,1,1,1,1,1,0,1,1,1,1,1,1,1,1,1,1,1,0,0,0,0,0,0,0,0,0,0,0,0,0,0,0,0,0,0,0,0,0,0,0,0,0,0,0,0,0,0,0,0,0,0,0,0,1,0,0,0,30,29,6,1,0.409090909090909,0.476190476190476,0.476190476190476
"140","hcpibg82lkusuh7u","60fda9f6054bd168b73f8483",1,1,1,1,1,1,1,1,1,1,1,1,1,1,1,1,1,1,1,1,1,1,1,1,1,1,1,1,1,1,1,1,1,1,1,1,1,1,1,1,1,1,1,1,1,1,1,1,1,1,1,1,1,1,1,1,1,1,1,1,1,1,1,1,1,1,0,0,0,0,64,64,6,2,1,1,1
"141","hcpibg82lkuz4u4e","5df297f57f08ed1a6b6c5a0c",1,1,1,1,1,1,1,1,1,1,1,1,1,1,1,1,1,1,1,1,1,1,1,1,1,0,0,1,1,1,1,1,1,1,1,1,1,1,1,1,1,1,1,1,1,1,1,1,1,1,1,1,1,1,1,1,1,1,1,1,1,1,0,0,1,1,1,0,1,1,62,60,6,5,0.954545454545455,0.952380952380952,0.904761904761905
"142","hcpibg82lkvaptky","5be454621effe60001cbf290",0,1,1,1,1,1,1,1,1,1,1,1,1,1,1,1,1,1,1,1,1,1,1,1,1,0,1,1,0,1,1,1,1,1,1,1,1,1,1,1,1,1,1,1,1,0,0,0,0,0,0,0,0,0,0,0,0,0,0,0,0,0,0,0,1,1,1,1,1,0,45,42,6,5,0.636363636363636,0.619047619047619,0.714285714285714
"143","hcpibg82lkvb79yq","64877c60e4bff21562b90b26",1,1,1,1,1,1,1,1,1,1,1,1,1,0,0,0,0,0,0,0,0,0,0,0,0,0,0,0,0,0,0,0,0,0,0,0,0,0,0,0,0,0,0,0,0,0,0,0,0,0,0,0,0,0,0,0,0,0,0,0,0,0,0,0,0,0,0,0,1,0,13,13,6,1,0.227272727272727,0.19047619047619,0.19047619047619
"144","hcpibg82lkve9g1n","5df6130793ab8b43aacc16e5",1,1,1,1,1,1,1,1,1,1,1,0,1,1,1,1,1,1,1,1,1,1,1,1,1,1,1,1,1,1,1,1,1,1,1,1,1,1,1,1,1,1,1,1,1,1,1,1,1,1,1,1,1,1,1,1,1,1,1,1,1,1,1,1,1,1,1,1,1,1,64,63,6,6,1,1,0.952380952380952
"145","hcpibg82lkvftv28","5e9cb7b04a825a0008d29a12",1,1,1,1,1,1,1,1,1,1,1,1,1,1,1,1,1,1,1,1,1,1,1,1,1,1,1,1,0,0,1,1,1,1,1,1,1,1,1,1,1,1,1,1,1,1,1,1,1,1,1,1,0,0,0,0,0,0,0,0,0,0,0,0,1,1,0,0,0,0,52,50,6,2,0.818181818181818,0.761904761904762,0.761904761904762
"146","hcpibg82lkvhm3lw","63806f2463d24bc1fa93059e",1,1,1,1,1,1,1,1,1,1,1,1,1,1,1,1,1,1,1,1,1,1,1,1,1,1,1,1,1,1,1,1,1,0,0,0,0,0,0,0,0,0,0,0,0,0,0,0,0,0,0,0,0,0,0,0,0,0,0,0,0,0,0,0,1,0,0,1,0,0,33,33,6,2,0.5,0.523809523809524,0.523809523809524
"147","hcpibg82lkvj2t9k","64600f4a520957072a96563e",1,1,1,1,1,1,1,1,1,1,1,1,1,1,1,1,1,1,1,1,1,1,1,1,1,1,1,1,1,1,1,1,1,1,1,1,1,1,1,0,0,0,0,0,0,0,0,0,0,0,0,0,0,0,0,0,0,0,0,0,0,0,0,0,1,1,1,1,1,0,39,39,6,5,0.590909090909091,0.619047619047619,0.619047619047619
"148","hcpibg82lkvkyqe1","5d14bd7a49a18f0001e1e8b4",1,1,1,1,1,1,1,1,1,1,1,1,1,1,1,1,1,1,1,1,1,1,1,1,1,1,1,1,1,1,1,1,1,1,1,1,1,1,1,1,1,1,1,1,1,1,1,1,1,1,1,1,1,1,1,0,0,0,0,0,0,0,0,0,1,1,1,1,1,1,55,55,6,6,0.863636363636364,0.857142857142857,0.857142857142857
"149","hcpibg82lkvm0ax7","6321c865695c51c059d12466",1,1,1,1,1,1,1,1,1,1,1,1,1,1,1,1,1,1,1,1,0,1,1,1,1,1,1,1,1,1,1,1,1,1,1,1,1,1,1,1,1,1,1,1,1,1,1,0,0,0,0,0,0,0,0,0,0,0,0,0,0,0,0,0,0,1,1,1,1,1,47,46,6,5,0.727272727272727,0.761904761904762,0.666666666666667
"150","hcpibg82lkwabv6m","616354dc61efc8568688957e",1,1,1,1,1,1,1,1,1,1,1,1,1,1,1,1,1,1,1,1,1,1,1,1,1,1,1,1,1,1,1,1,1,1,1,1,1,1,1,1,1,1,1,1,1,1,1,1,1,0,0,0,0,0,0,0,0,0,0,0,0,0,0,0,0,1,0,1,1,0,49,49,6,3,0.772727272727273,0.761904761904762,0.761904761904762
"151","hcpibg82lkwcm45e","6450d7b7526a66e489b5dcdb",1,1,1,1,1,1,1,1,1,1,1,1,1,1,1,1,1,1,1,1,1,1,1,1,1,1,1,1,1,1,1,1,1,1,1,0,0,0,0,0,0,0,0,0,0,0,0,0,0,0,0,0,0,0,0,0,0,0,0,0,0,0,0,0,1,1,0,0,1,1,35,35,6,4,0.545454545454545,0.571428571428571,0.523809523809524
"152","hcpibg82lkwcyps9","5f3a2bccf6fb65000b904abf",1,1,1,1,1,1,1,1,1,1,1,1,1,1,1,1,1,1,1,1,1,1,1,1,1,1,1,1,1,1,1,1,1,1,1,1,1,1,1,1,1,1,1,1,1,1,1,1,1,1,1,1,0,0,0,0,0,0,0,0,0,0,0,0,1,1,1,1,1,0,52,52,6,5,0.818181818181818,0.80952380952381,0.80952380952381
"153","hcpibg82lkwe5ddj","63ff4bca9f6d50bb62ae683d",1,1,1,1,1,1,1,1,1,1,1,1,1,1,1,1,1,1,1,0,1,1,1,1,1,1,1,1,1,1,1,1,1,1,1,1,1,1,0,0,0,0,0,0,0,0,0,0,0,0,0,0,0,0,0,0,0,0,0,0,0,0,0,0,1,1,0,0,0,0,38,37,6,2,0.590909090909091,0.571428571428571,0.571428571428571
"154","hcpibg82lkwh3gwx","5b5eeeeb233c3b0001c4a5e2",1,1,1,1,1,1,1,1,1,1,1,1,1,1,1,1,1,1,1,1,1,1,1,1,1,1,1,1,1,1,1,1,1,1,1,1,1,1,1,1,1,1,1,1,1,1,1,1,1,1,1,1,1,1,1,1,1,1,1,1,0,0,0,0,0,1,0,1,0,1,60,60,6,3,0.909090909090909,0.952380952380952,0.952380952380952
"155","hcpibg82lkwiumo0","5fab152e756a6a5cd41c26db",1,1,1,1,1,1,1,1,1,1,1,1,1,1,1,1,1,1,1,1,1,1,1,1,1,1,1,1,1,1,1,1,1,1,1,1,1,1,1,1,1,1,1,1,1,1,1,1,1,1,1,1,1,1,1,1,1,1,1,1,1,1,1,1,1,1,1,1,1,1,64,64,6,6,1,1,1
"156","hcpibg82lkwmbgwp","5d46d6a4b30ae500195788f0",1,1,1,1,1,1,1,1,1,1,1,1,1,1,1,1,1,1,1,1,1,1,1,1,1,1,1,1,1,1,1,1,1,1,1,1,1,1,1,1,1,1,1,1,1,1,1,1,1,1,1,1,0,1,1,1,1,0,0,0,0,0,0,0,1,1,1,0,0,0,57,56,6,3,0.863636363636364,0.857142857142857,0.904761904761905
"157","hcpibg82lkwyt97d","64438f01714d8d64df818483",1,1,1,1,1,1,1,1,1,1,1,1,1,1,1,1,1,1,1,1,1,1,1,1,1,1,1,1,1,1,1,0,1,1,1,1,1,1,1,1,1,0,0,0,0,0,0,0,0,0,0,0,0,0,0,0,0,0,0,0,0,0,0,0,1,1,1,1,0,1,42,40,6,5,0.636363636363636,0.619047619047619,0.619047619047619
"158","hcpibg82lkx1tnwx","63d003ec2a18bd1628b4e558",1,1,1,1,1,1,1,1,1,1,1,1,1,1,1,1,1,1,1,1,1,1,1,1,1,1,1,0,1,1,1,1,1,1,1,1,1,1,1,1,1,1,0,0,0,0,0,0,0,0,0,0,0,0,0,0,0,0,0,0,0,0,0,0,1,1,1,0,1,1,43,41,6,5,0.590909090909091,0.666666666666667,0.666666666666667
"159","hcpibg82lkxtupkh","6096e0de5ebbd015f311a10c",1,1,1,1,1,1,0,0,1,1,1,1,1,0,1,1,1,1,0,0,1,1,1,1,1,1,1,1,1,1,1,1,1,1,0,1,1,1,1,1,1,1,1,1,1,1,0,0,0,0,0,0,0,0,0,0,0,0,0,0,0,0,0,0,0,1,1,0,0,0,46,40,6,2,0.636363636363636,0.523809523809524,0.714285714285714
"160","hcpibg82lky1g0wh","642706a09d150b39e7624bb0",1,1,1,1,1,1,1,1,1,1,1,1,1,1,1,1,1,1,1,1,1,1,1,1,1,1,1,1,1,1,1,1,1,1,1,0,0,0,0,0,0,0,0,0,0,0,0,0,0,0,0,0,0,0,0,0,0,0,0,0,0,0,0,0,1,1,1,0,0,1,35,35,6,4,0.545454545454545,0.571428571428571,0.523809523809524
"161","hcpibg82lkz01xka","63db748eec4f3b359919fd66",1,1,1,1,1,1,1,1,1,1,1,1,1,1,1,1,1,1,1,1,1,1,1,1,1,1,1,1,0,1,1,1,1,1,1,1,1,1,1,1,1,1,1,1,1,1,1,1,1,1,1,1,1,1,1,0,0,0,0,0,0,0,0,0,1,1,1,1,0,1,55,54,6,5,0.863636363636364,0.80952380952381,0.857142857142857
"162","hcpibg82lkzq7ho2","63fcf31e484a95608847d761",1,1,0,1,1,1,1,1,1,1,1,1,1,1,1,1,1,1,1,1,1,1,1,1,1,1,1,1,1,1,1,1,1,1,1,0,0,0,0,0,0,0,0,0,0,0,0,0,0,0,0,0,0,0,0,0,0,0,0,0,0,0,0,0,0,1,1,0,1,1,35,34,5,4,0.545454545454545,0.571428571428571,0.476190476190476
"163","hcpibg82lkzteo31","63656faf832387e4e2c335d1",1,1,1,1,1,1,1,1,1,1,1,1,1,1,1,1,1,1,1,1,1,1,1,1,1,1,1,1,1,1,1,1,1,1,1,1,1,1,1,1,1,1,1,1,1,1,1,1,1,1,1,1,1,0,0,0,0,0,0,0,0,0,0,0,1,1,1,1,1,1,53,53,6,6,0.818181818181818,0.857142857142857,0.80952380952381
"164","hcpibg82ll0m73qv","63d58909f8369dc4f5302794",1,1,0,1,1,1,1,1,1,1,1,1,1,1,0,1,1,1,1,1,1,1,1,1,1,1,1,0,1,1,1,1,1,1,1,0,0,0,0,0,0,0,0,0,0,0,0,0,0,0,0,0,0,0,0,0,0,0,0,0,0,0,0,0,1,1,1,1,1,0,35,32,6,5,0.5,0.571428571428571,0.428571428571429
"165","hcpibg82ll0v4qhi","63eb720c64d95ef6918080f4",1,1,1,1,1,1,1,1,1,1,1,1,1,1,1,1,1,1,1,1,1,1,1,1,1,1,1,1,1,1,1,1,1,1,1,1,1,1,1,1,1,1,1,1,1,1,1,1,1,1,1,1,1,1,1,1,1,1,1,1,1,1,1,1,1,1,1,1,1,1,64,64,6,6,1,1,1
"166","hcpibg82ll1ijl1c","6091414880a5d04b5369163f",1,1,1,1,1,1,1,1,1,1,1,1,1,1,1,1,1,1,1,1,0,0,0,0,0,0,0,0,0,0,0,0,0,0,0,0,0,0,0,0,0,0,0,0,0,0,0,0,0,0,0,0,0,0,0,0,0,0,0,0,0,0,0,0,1,1,1,1,1,1,20,20,6,6,0.318181818181818,0.333333333333333,0.285714285714286
"167","hcpibg82ll2evpt6","64679d46afc1172fa3bad02c",1,1,1,1,1,1,1,1,1,1,1,1,1,1,1,1,1,1,1,1,1,1,1,1,1,1,1,1,1,1,1,1,1,1,1,1,1,1,1,1,1,1,1,1,1,1,0,0,0,0,0,0,0,0,0,0,0,0,0,0,0,0,0,0,0,1,1,1,1,1,46,46,6,5,0.727272727272727,0.714285714285714,0.714285714285714
"168","hcpibg82ll2f3vvh","6467c254c2dd4cdec258d1b5",1,1,1,1,1,1,1,1,1,1,1,1,1,1,1,1,1,1,1,1,1,1,1,1,1,0,1,1,0,1,1,1,1,1,1,1,1,1,1,1,1,1,1,1,1,1,1,0,0,0,0,0,0,0,0,0,0,0,0,0,0,0,0,0,0,1,1,0,1,0,47,45,6,3,0.727272727272727,0.666666666666667,0.714285714285714
"169","hcpibg82ll2f52bg","64490baffa3fea7d34ac12fa",1,1,1,1,1,1,1,1,1,1,1,1,1,1,1,1,1,1,1,1,1,1,1,1,0,0,0,0,0,0,0,0,0,0,0,0,0,0,0,0,0,0,0,0,0,0,0,0,0,0,0,0,0,0,0,0,0,0,0,0,0,0,0,0,1,0,1,0,0,0,24,24,6,2,0.363636363636364,0.380952380952381,0.380952380952381
"170","hcpibg82ll2fa6qr","60beb1657520f1e69477a90f",1,1,1,1,1,1,1,1,1,1,1,1,1,1,1,1,1,1,1,1,1,1,1,1,1,1,1,1,1,1,1,1,1,1,1,1,1,1,1,1,1,1,1,1,1,1,1,1,1,1,1,1,1,1,1,1,1,1,1,1,1,1,1,1,1,1,1,1,1,1,64,64,6,6,1,1,1
"171","hcpibg82ll2fo0ow","6106e93f47734da83ba50b8e",1,1,1,1,1,1,1,1,1,1,1,1,1,1,1,1,1,1,1,1,1,1,1,1,1,1,1,1,1,1,1,1,1,1,1,1,1,1,1,1,1,1,1,1,1,1,1,0,0,0,0,0,0,0,0,0,0,0,0,0,0,0,0,0,1,1,1,1,1,0,47,47,6,5,0.727272727272727,0.761904761904762,0.714285714285714
"172","hcpibg82ll2fvwc4","63d02bd28e37a2abe1006c61",1,1,1,1,1,1,1,1,1,1,1,1,1,1,1,1,1,1,1,1,1,1,1,1,1,0,1,1,1,1,1,1,1,1,1,1,1,1,1,1,1,0,0,0,0,0,0,0,0,0,0,0,0,0,0,0,0,0,0,0,0,0,0,0,1,1,0,1,0,0,41,40,6,3,0.636363636363636,0.619047619047619,0.619047619047619
"173","hcpibg82ll2fxsle","63ed4f20df8bf2b3b7870d51",1,1,1,1,1,1,1,1,1,1,1,1,1,1,1,1,1,1,1,1,1,1,1,1,1,1,1,1,1,1,1,1,1,1,1,1,1,1,1,1,1,1,1,1,1,1,1,1,1,1,1,1,1,0,0,0,0,0,0,0,0,0,0,0,1,1,1,1,1,1,53,53,6,6,0.818181818181818,0.857142857142857,0.80952380952381
"174","hcpibg82ll2g2ljm","63d2c20ec51e93a7c7a44ffe",1,1,1,1,1,1,1,1,1,1,1,1,1,1,1,1,1,1,1,1,1,1,1,1,1,1,1,1,1,1,1,1,1,1,1,1,1,1,1,1,1,1,1,1,1,1,1,1,1,1,0,0,0,0,0,0,0,0,0,0,0,0,0,0,1,1,1,1,1,1,50,50,6,6,0.772727272727273,0.80952380952381,0.761904761904762
"175","hcpibg82ll2g9vu4","63fe22806d22fad00a2a2500",1,1,1,1,1,1,1,1,1,1,1,1,1,1,1,1,1,1,1,1,1,1,1,1,1,1,1,1,1,1,1,1,1,1,1,1,1,1,1,1,1,1,1,1,1,1,1,0,0,0,0,0,0,0,0,0,0,0,0,0,0,0,0,0,1,0,0,0,1,0,47,47,6,2,0.727272727272727,0.761904761904762,0.714285714285714
"176","hcpibg82ll2ggfij","6027eac2f4090f09439ee8e4",1,1,0,1,1,1,1,1,1,1,1,1,1,1,1,1,1,0,1,0,1,1,1,1,1,1,1,1,1,1,1,1,1,1,1,1,1,1,1,1,1,1,1,1,1,1,1,1,1,1,0,0,0,0,0,0,0,0,0,0,0,0,0,0,1,1,1,0,0,0,50,47,6,3,0.772727272727273,0.761904761904762,0.666666666666667
"177","hcpibg82ll2glt42","5efcc8d1669e920c46e9daf9",1,1,1,1,1,1,0,1,1,1,1,1,1,1,1,1,1,1,1,1,1,1,1,1,1,1,1,1,1,1,1,1,1,1,1,0,0,0,0,0,0,0,0,0,0,0,0,0,0,0,0,0,0,0,0,0,0,0,0,0,0,0,0,0,1,1,1,1,0,0,35,34,5,4,0.5,0.571428571428571,0.523809523809524
"178","hcpibg82ll2h18z9","63fce1d62af707fa9a407725",1,0,1,1,1,1,1,1,1,1,1,1,1,0,1,1,1,1,0,1,1,1,1,1,1,1,0,0,0,0,0,1,1,0,0,0,0,0,0,0,0,0,0,0,0,0,0,0,0,0,0,0,0,0,0,0,0,0,0,0,0,0,0,0,1,1,0,0,0,0,33,25,6,2,0.363636363636364,0.380952380952381,0.428571428571429
"179","hcpibg82ll2h7re2","60d4b4c9dfefd3e543691f88",1,1,1,1,1,1,1,1,1,1,1,1,1,1,1,1,1,1,1,1,1,1,1,1,1,1,1,0,0,0,0,0,0,0,0,0,0,0,0,0,0,0,0,0,0,0,0,0,0,0,0,0,0,0,0,0,0,0,0,0,0,0,0,0,1,1,1,1,1,1,27,27,6,6,0.409090909090909,0.428571428571429,0.428571428571429
"180","hcpibg82ll2h9f4n","646e450a099736c7ebe122d8",1,1,1,1,1,1,1,1,1,1,1,1,1,1,1,1,1,1,1,1,1,1,1,1,1,1,1,1,1,1,1,1,1,1,1,1,1,1,1,1,1,1,1,1,1,1,1,1,1,1,1,0,0,0,0,0,0,0,0,0,0,0,0,0,1,1,1,1,1,1,51,51,6,6,0.772727272727273,0.80952380952381,0.80952380952381
"181","hcpibg82ll2hk4em","64c75eb4d321d2bebfc75385",1,1,1,1,1,1,1,1,1,1,1,1,1,1,1,1,1,1,1,1,1,1,1,1,1,1,1,1,1,1,0,0,0,0,0,0,0,0,0,0,0,0,0,0,0,0,0,0,0,0,0,0,0,0,0,0,0,0,0,0,0,0,0,0,1,1,0,0,0,0,30,30,6,2,0.454545454545455,0.476190476190476,0.476190476190476
"182","hcpibg82ll2ioczt","5dbc177f0e1ec31c8af5492e",1,1,1,1,1,1,1,1,1,1,1,1,1,1,1,1,1,1,1,1,1,1,1,1,1,1,1,1,1,1,1,1,1,1,1,1,1,1,1,1,1,0,0,0,0,0,0,0,0,0,0,0,0,0,0,0,0,0,0,0,0,0,0,0,1,1,1,1,1,1,41,41,6,6,0.636363636363636,0.666666666666667,0.619047619047619
"183","hcpibg82ll2ipxwa","605e5e656a6e4b82d65eaa3d",1,1,1,1,1,1,1,1,1,1,1,1,1,1,1,1,1,1,1,1,1,1,1,1,1,1,1,1,1,1,1,1,1,1,1,1,1,1,1,1,1,1,0,1,1,1,1,0,1,1,1,1,1,1,1,1,1,0,0,0,0,0,0,0,1,1,0,1,1,0,57,55,6,4,0.818181818181818,0.904761904761905,0.857142857142857
"184","hcpibg82ll2j6x5t","6481f65203f0a0db9037d5c4",1,1,1,1,1,1,1,1,1,1,1,1,1,1,1,1,1,1,1,1,1,1,1,1,1,1,1,1,1,1,1,1,1,1,1,1,1,1,1,1,1,0,0,0,0,0,0,0,0,0,0,0,0,0,0,0,0,0,0,0,0,0,0,0,1,1,1,1,1,1,41,41,6,6,0.636363636363636,0.666666666666667,0.619047619047619
"185","hcpibg82ll2jvni1","64849fddc1df0f502ea14947",1,1,1,1,1,1,1,1,1,1,1,1,1,1,1,1,1,1,1,0,1,1,1,1,1,1,0,0,0,0,0,0,0,0,0,0,0,0,0,0,0,0,0,0,0,0,0,0,0,0,0,0,0,0,0,0,0,0,0,0,0,0,0,0,1,1,1,1,1,1,27,25,6,6,0.409090909090909,0.380952380952381,0.380952380952381
"186","hcpibg82ll2k5abj","6156b68cc77b48d6693b361c",1,1,1,1,1,1,1,1,1,1,1,1,1,1,1,1,1,1,1,1,1,1,1,1,1,1,1,1,1,1,1,1,1,1,1,1,1,1,1,1,1,1,1,1,1,1,1,0,1,1,1,1,1,1,1,1,1,1,1,1,1,1,1,1,1,1,1,1,1,1,64,63,6,6,1,1,0.952380952380952
"187","hcpibg82ll2kamco","5fa08a052ca5b20f395eb0c2",1,1,1,1,1,1,1,1,1,1,1,1,1,1,1,1,1,1,1,1,1,1,1,1,1,1,1,1,1,1,1,1,1,1,1,1,1,1,1,1,0,0,0,0,0,0,0,0,0,0,0,0,0,0,0,0,0,0,0,0,0,0,0,0,1,1,1,1,1,0,40,40,6,5,0.636363636363636,0.619047619047619,0.619047619047619
"188","hcpibg82ll2l0f96","6483abf0dda64fb61c5a013a",1,1,1,1,1,1,1,1,1,1,1,1,1,1,1,1,1,0,0,0,0,0,0,0,0,0,0,0,0,0,0,0,0,0,0,0,0,0,0,0,0,0,0,0,0,0,0,0,0,0,0,0,0,0,0,0,0,0,0,0,0,0,0,0,1,1,0,0,1,0,17,17,6,3,0.272727272727273,0.285714285714286,0.238095238095238
"189","hcpibg82ll2mu0ia","6166b15978e9c4e975d4830b",1,1,1,1,1,1,1,1,1,1,1,1,1,1,1,1,1,1,1,1,1,1,1,1,1,1,1,1,0,1,0,1,1,1,1,1,1,1,1,1,1,0,0,0,0,0,0,0,0,0,0,0,0,0,0,0,0,0,0,0,0,0,0,0,1,1,1,1,1,0,41,39,6,5,0.590909090909091,0.619047619047619,0.619047619047619
"190","hcpibg82ll2nmfid","64a6eafc414c4afc60f03b72",1,1,1,1,1,1,1,1,1,1,1,1,1,1,1,1,1,1,1,1,1,1,1,1,1,1,1,1,1,1,1,1,1,1,1,1,1,1,0,0,0,0,0,0,0,0,0,0,0,0,0,0,0,0,0,0,0,0,0,0,0,0,0,0,1,1,1,0,0,1,38,38,6,4,0.590909090909091,0.619047619047619,0.571428571428571
"191","hcpibg82ll2regp1","61005d5b63aebdefa8dde9dd",1,1,1,1,1,1,1,1,1,1,1,1,1,1,1,1,1,1,1,1,1,1,1,1,1,1,1,1,0,0,0,0,0,0,0,0,0,0,0,0,0,0,0,0,0,0,0,0,0,0,0,0,0,0,0,0,0,0,0,0,0,0,0,0,1,1,1,1,1,1,28,28,6,6,0.454545454545455,0.428571428571429,0.428571428571429
"192","hcpibg82ll30xsc5","6452649bda167d82952b4479",1,1,1,1,1,1,1,1,1,1,1,1,1,1,1,1,1,1,1,1,1,1,1,1,1,0,0,0,0,0,0,0,0,0,0,0,0,0,0,0,0,0,0,0,0,0,0,0,0,0,0,0,0,0,0,0,0,0,0,0,0,0,0,0,1,1,1,0,1,1,25,25,6,5,0.409090909090909,0.380952380952381,0.380952380952381
"193","hcpibg82ll3ayrds","60fd20116e9cad4c06dbb98c",1,1,1,1,1,1,1,1,1,1,1,1,1,1,1,1,1,1,1,1,1,1,1,1,1,1,1,1,0,1,1,1,1,1,1,1,1,1,1,1,1,1,1,0,0,0,0,0,0,0,0,0,0,0,0,0,0,0,0,0,0,0,0,0,1,1,1,1,1,1,43,42,6,6,0.681818181818182,0.619047619047619,0.666666666666667
"194","hcpibg82ll3ccpqr","615e1c550d57423174258d74",1,1,1,1,1,1,1,1,1,1,1,1,1,1,1,1,1,1,1,1,1,1,1,1,1,1,1,1,1,1,1,1,1,1,1,1,1,1,1,1,1,1,1,1,1,1,1,1,1,1,1,1,1,1,1,1,1,1,1,1,1,1,1,1,1,1,1,1,1,1,64,64,6,6,1,1,1
"195","hcpibg82ll3db3st","5b327d06adb0f7000125460e",1,1,1,1,1,1,1,1,1,1,1,1,1,1,1,1,1,1,0,1,1,1,1,1,1,1,1,1,1,1,1,1,1,1,1,1,1,1,1,1,1,0,1,1,1,1,1,1,0,0,0,0,0,0,0,0,0,0,0,0,0,0,0,0,1,1,1,1,1,1,48,46,6,6,0.681818181818182,0.761904761904762,0.714285714285714
"196","hcpibg82ll3hamaw","60aa4c26dd5d8157a8027438",1,1,1,1,1,1,1,1,1,1,1,1,0,1,1,1,1,1,1,1,1,1,1,1,0,1,1,1,1,1,1,1,1,1,1,1,1,1,1,1,1,1,1,0,0,0,0,0,0,0,0,0,0,0,0,0,0,0,0,0,0,0,0,0,0,1,1,1,0,1,43,41,6,4,0.590909090909091,0.666666666666667,0.666666666666667
"197","hcpibg82ll3hhbfy","64463f506cea1f1b671e0b88",1,1,1,1,1,1,1,1,1,1,1,1,1,1,1,1,1,1,1,1,1,1,1,1,1,1,1,1,1,1,1,1,1,1,1,1,1,1,1,1,1,1,1,1,1,1,0,1,1,1,1,1,1,1,1,1,1,1,1,0,0,0,0,0,1,1,0,1,0,1,59,58,6,4,0.909090909090909,0.904761904761905,0.904761904761905
"198","hcpibg82ll3ib52y","646fe3f71f8e955c947b987c",1,1,1,1,1,1,1,1,1,1,1,1,1,1,1,1,1,1,1,1,1,1,1,1,1,0,0,0,0,0,0,0,0,0,0,0,0,0,0,0,0,0,0,0,0,0,0,0,0,0,0,0,0,0,0,0,0,0,0,0,0,0,0,0,1,1,0,1,1,1,25,25,6,5,0.409090909090909,0.380952380952381,0.380952380952381
"199","hcpibg82ll3iu7cf","6480b160d51d051b42f67b3d",1,1,1,1,1,1,1,1,1,1,1,1,1,1,1,1,1,1,1,1,1,1,1,1,1,1,1,1,1,1,1,1,1,1,1,1,1,1,1,1,1,1,1,1,1,1,0,0,0,0,0,0,0,0,0,0,0,0,0,0,0,0,0,0,1,1,1,0,1,1,46,46,6,5,0.727272727272727,0.714285714285714,0.714285714285714
"200","hcpibg82ll3ko6rj","6166ca985801f57fec1e54b6",0,1,1,1,1,1,1,1,1,1,1,1,1,1,1,1,1,1,1,1,1,1,1,1,1,1,1,1,1,1,1,1,1,1,1,1,1,1,1,1,1,1,1,1,1,1,1,1,1,1,1,1,1,0,1,1,1,0,0,0,0,0,0,0,1,1,1,1,1,1,57,55,6,6,0.818181818181818,0.904761904761905,0.857142857142857
"201","hcpibg82ll3lakze","62e02c664d6d60d004162710",1,1,1,1,1,1,1,1,1,1,1,1,1,1,1,1,1,1,1,1,1,1,1,1,1,1,1,1,1,1,1,1,1,1,1,1,1,1,1,1,1,1,1,1,1,1,1,1,1,1,1,1,1,1,0,0,0,0,0,0,0,0,0,0,1,1,1,1,1,0,54,54,6,5,0.818181818181818,0.857142857142857,0.857142857142857
"202","hcpibg82ll3m3tig","64332aa9e29dfe198bf48b6c",1,1,1,1,1,1,1,1,1,1,1,1,1,1,1,1,1,1,1,1,1,1,1,1,1,1,1,1,1,1,0,0,0,0,0,0,0,0,0,0,0,0,0,0,0,0,0,0,0,0,0,0,0,0,0,0,0,0,0,0,0,0,0,0,0,1,0,1,1,1,32,30,6,4,0.454545454545455,0.476190476190476,0.476190476190476
"203","hcpibg82ll3p69lu","5f9aff1fa1794a2a220f8c71",1,1,1,1,1,1,1,1,1,1,1,1,1,1,1,1,1,1,1,1,1,1,1,1,1,1,1,1,1,1,1,1,1,1,1,1,1,1,1,1,1,1,1,1,1,1,1,1,1,1,1,1,1,1,1,1,1,1,1,1,1,0,0,0,1,1,1,1,1,1,61,61,6,6,0.954545454545455,0.952380952380952,0.952380952380952
"204","hcpibg82ll3pai7x","5f3fc4885ebd8004d1180206",1,1,1,1,1,1,1,1,1,1,1,1,1,1,1,1,1,1,1,1,1,1,1,1,1,0,0,1,1,0,1,1,1,1,1,1,1,1,1,1,1,1,0,0,0,0,0,0,0,0,0,0,0,0,0,0,0,0,0,0,0,0,0,0,1,1,1,1,1,1,42,39,6,6,0.636363636363636,0.619047619047619,0.571428571428571
"205","hcpibg82ll3r4u7k","6102da1fe0817a1cd60ff566",1,1,1,1,1,1,1,1,1,1,1,1,1,1,1,1,1,1,1,1,1,1,1,1,1,1,1,1,1,1,1,1,1,1,1,1,1,1,1,1,1,1,1,1,1,1,1,1,1,1,1,1,1,1,1,1,0,0,0,0,0,0,0,0,1,1,1,1,0,1,56,56,6,5,0.863636363636364,0.904761904761905,0.857142857142857
"206","hcpibg82ll3rvdme","637fdd5f104309626bb377f8",1,1,1,1,1,1,1,1,1,1,1,1,1,1,1,1,1,1,1,1,1,1,0,1,1,1,1,1,1,1,1,1,1,1,1,1,1,1,1,1,0,0,0,0,0,0,0,0,0,0,0,0,0,0,0,0,0,0,0,0,0,0,0,0,1,1,1,1,1,1,40,39,6,6,0.636363636363636,0.571428571428571,0.619047619047619
