"subject","sex","age","education","job","mother_tongue","mother_tongue_details","handedness","glasses","BIS_V","BIS_N","BIS_F","BIS_PC","BIS_M","BIS_PS","BIS_C","BIS_IQ","WMC_MU","WMC_OpSp","WMC_SenSp","WMC_Binding","miniq_sum","miniq_1","miniq_2","miniq_3","miniq_odd","miniq_even","SMS_RT","SMS_a","SMS_v","SMS_t0","SMS_st0","CRT_RT","CRT_a","CRT_v","CRT_t0","CRT_st0","PLM_RT","PLM_a","PLM_v","PLM_t0","PLM_st0","BIS_V_z","BIS_N_z","BIS_F_z","BIS_PC_z","BIS_M_z","BIS_PS_z","BIS_C_z","BIS_IQ_z","WMC_MU_z","WMC_OpSp_z","WMC_SenSp_z","WMC_Binding_z","miniq_1_z","miniq_2_z","miniq_3_z","SMS_v_z","CRT_v_z","PLM_v_z","age_z","SMS_RT_z","CRT_RT_z","PLM_RT_z"
1,"m",22,5,4,2,"rus",1,2,112.8,110.8,100,109.33,104.33,109,107.33,112,0.716666667,0.946428571,0.973809524,0.917857143,43,0.681818182,0.666666667,0.666666667,0.696969697,0.65625,0.712644681,1.3037,2.5581,0.4757,0.207,0.346865979,1.7336,10.9429,0.2713,0.1597,0.633953782,1.3575,3.6552,0.4523,0.1225,1.3485409,1.744202936,0.428070012,1.084146632,0.801840691,1.099394206,1.316435884,1.405257718,0.428510857,1.301067816,1.178567204,0.513180191,0.478375496,0.271920958,0.382736358,0.285538248,2.934092189,0.5356206,-0.70297598,-0.949213505077241,-0.729163459231688,-0.60758258615443
2,"w",20,5,8,1,"deu",2,2,102.2,91,103.8,100,102.33,96,96.67,95,0.796666667,0.733253968,0.820952381,0.902357143,43,0.681818182,0.666666667,0.666666667,0.696969697,0.65625,1.099696552,1.7862,1.4096,0.5158,0.1945,0.406734694,1.0835,5.6191,0.3092,0.1677,0.973619492,2.1052,2.1241,0.5022,0.2375,-0.452426249,-1.070287753,0.990374324,-0.225855524,0.52254753,-0.719074471,-0.212961755,-0.196520715,0.824095825,-0.333652217,-0.175349164,0.372823175,0.478375496,0.271920958,0.382736358,-1.379259517,-0.389641769,-1.584466599,-0.844582652,0.769639754089368,0.440620302405989,2.10791062671338
3,"m",41,3,5,1,"deu",2,2,94.2,99.6,89,97,88,96.33,93,85,0.422222222,0.572380952,0.686666667,0.879785714,19,0.272727273,0.285714286,0.333333333,0.272727273,0.3125,1.066430526,1.8128,2.1617,0.6447,0.1018,0.368336735,0.9663,5.8555,0.2834,0.096,0.753039316,1.6279,2.2936,0.4172,0.2391,-1.811646738,0.152167798,-1.199652996,-0.647078083,-1.478587971,-0.672913344,-0.739499216,-1.138743323,-1.027461598,-1.567299839,-1.364771017,0.168432308,-2.097492557,-1.872807726,-1.633831548,-0.289059779,-0.242053447,-1.349762935,0.642287406,0.621909122890272,-0.309643151857716,0.344459229687796
5,"m",52,6,6,1,"deu",2,2,109.2,99.6,93.4,101.17,95.33,113,93,98,0.634444444,0.668174603,0.867619048,0.758357143,43,0.636363636,0.714285714,0.666666667,0.666666667,0.6875,0.642079592,1.4159,3.8283,0.4562,0.0675,0.34622449,0.6943,8.2765,0.3079,0.0236,0.6933225,1.2591,3.9389,0.5331,0.1633,0.73689168,0.152167798,-0.548563793,-0.061578726,-0.454978535,1.65892303,-0.739499216,0.086146067,0.021937414,-0.832710455,0.237996022,-0.931138786,0.192167934,0.540012044,0.382736358,2.126745144,1.269415787,0.928454992,1.421124104,-1.26258502527597,-0.741697608586141,-0.132953131254013
6,"w",59,6,5,1,"deu",2,1,93,83.6,86,86.17,84,82.33,99,70,0.301111111,NA,NA,0.692857143,30,0.454545455,0.476190476,0.476190476,0.454545455,0.46875,1.041492784,1.4105,2.8457,0.8062,0.4,0.455642857,1.142,4.6213,0.3344,0.1063,0.993040336,2.4303,2.7534,0.5609,0.3086,-2.015529812,-2.122168112,-1.643577453,-2.167691518,-2.037174293,-2.631264227,0.121324971,-2.552077235,-1.626333285,NA,NA,-1.524260372,-0.952662312,-0.800443384,-0.76958816,0.702426221,-1.012584356,-0.713085974,1.916747456,0.511163452026544,1.39624420194899,2.26317260493946
7,"m",55,7,5,1,"deu",2,1,121.6,NA,108.8,118.67,116,119,113.33,130,0.91,0.991666667,0.973333333,1,48,0.727272727,0.761904762,0.761904762,0.757575758,0.75,0.739970408,1.3964,3.696,0.5447,0.1303,0.404989796,0.8436,5.9519,0.3353,0.0842,0.582628947,0.8901,2.9091,0.459,0.1435,2.843683439,NA,1.730248418,2.395552864,2.431516288,2.498216266,2.17726007,3.101258412,1.384507862,1.647974158,1.174349391,1.257007697,0.764583057,0.808103129,0.958898616,1.934970878,-0.181869377,-0.497490927,1.633534112,-0.827863064910923,0.406526479845841,-1.01790437310802
8,"w",60,6,6,1,"deu",2,2,107,108,95,103.5,106.67,109,94,103,0.936666667,0.770238095,0.880952381,0.7095,56,0.818181818,0.904761905,0.857142857,0.878787879,0.84375,1.279285714,2.2784,3.1649,0.9357,0.9098,0.36430303,0.8411,4.1655,0.2708,0.0375,0.698325217,1.4788,4.7623,0.5369,0.3151,0.363106045,1.346194151,-0.311804083,0.265570794,1.12861369,1.099394206,-0.596028518,0.557257371,1.516369519,-0.050041072,0.356094643,-1.373554452,1.33699818,1.612376386,1.535060875,1.165119687,-1.297147626,2.068602468,1.987550793,1.56717476048829,-0.388458316142379,-0.0929583844796077
9,"w",45,5,4,1,"deu",2,2,106.8,97.8,95.8,92.83,100.33,105.33,109.33,97,0.356666667,0.646984127,0.664603175,0.833285714,34,0.545454545,0.523809524,0.523809524,0.545454545,0.5,0.902197917,1.3651,2.2333,0.6245,0.1099,0.37624,0.9077,5.919,0.3027,0.1055,0.756764655,1.3792,2.7348,0.5146,0.0975,0.329125533,-0.103694992,-0.193424228,-1.232577439,0.243254369,0.58602651,1.603377279,-0.008076194,-1.351621499,-0.995208684,-1.56019612,-0.252638742,-0.380247189,-0.532352298,-0.481507031,-0.185272648,-0.202409376,-0.738841067,0.925500751,-0.10742918133171,-0.155220076952577,0.374241843806047
10,"m",57,7,6,1,"deu",2,1,99.8,99.8,98.4,100.5,97.33,102,96.33,95,0.435555556,0.662063492,0.576507937,0.716714286,24,0.454545455,0.285714286,0.380952381,0.393939394,0.34375,1.107511828,1.7822,1.4783,0.6088,0.4982,0.374469388,0.7482,6.5667,0.3177,0.0975,0.762723729,1.4348,2.8546,0.5294,0.1592,-0.860192396,0.180596997,0.191310302,-0.155651764,-0.175685373,0.120218764,-0.261741792,-0.196520715,-0.961530766,-0.87957324,-2.340490598,-1.30822699,-0.952662312,-1.872807726,-1.345750419,-1.279676055,0.20196015,-0.572956117,1.775140784,0.80434650434788,-0.189816329198192,0.42188228711714
11,"w",50,7,5,1,"deu",2,2,106.6,96.8,99.2,96.5,103,99.33,109,98,0.586666667,0.782460317,0.847619048,0.776214286,47,0.681818182,0.761904762,0.761904762,0.757575758,0.71875,0.956602128,1.4773,1.5494,0.5852,0.2506,NA,NA,NA,NA,NA,0.712320168,1.3177,2.5463,0.4829,0.0924,0.295145021,-0.245840986,0.309690157,-0.717281842,0.616110739,-0.253266726,1.556031949,0.086146067,-0.214314716,0.043684498,0.060848086,-0.769437153,0.478375496,0.808103129,0.958898616,-1.176613694,NA,-0.999853696,1.279517431,0.134173721008317,NA,0.0189257219699876
12,"w",45,8,5,1,"deu",2,1,108.6,96.8,96.4,100.17,102.33,100,100.33,98,0.35,0.500952381,0.841269841,NA,37,0.590909091,0.571428571,0.571428571,0.575757576,0.5625,1.218028866,1.8122,2.0941,0.8063,0.327,0.42074,0.9663,5.294,0.3301,0.0525,0.754010084,1.5244,3.2812,0.5255,0.1627,0.634950143,-0.245840986,-0.104639336,-0.201986246,0.52254753,-0.159545648,0.312140999,0.086146067,-1.384586915,-2.115046682,0.004610641,NA,-0.094039627,-0.264261213,-0.193425901,-0.387048747,-0.592606927,0.017749388,0.925500751,1.29514007800752,0.714272067531843,0.352220136478386
13,"m",58,4,7,1,"deu",2,2,91.4,96.4,77.8,88,88,90.33,88.33,73,0.294444444,0.707698413,0.892063492,0.536928571,17,0.363636364,0.238095238,0.19047619,0.242424242,0.28125,1.07542766,1.5106,1.5859,0.7043,0.5924,0.55098,1.3389,3.823,0.3865,0.2458,1.064105932,2.1375,1.9183,0.5531,0.4888,-2.28737391,-0.302699384,-2.856970968,-1.910745758,-1.478587971,-1.512206579,-1.409507375,-2.269410453,-1.6592987,-0.529623862,0.454510162,-2.936239028,-1.525077435,-2.140898812,-2.498074936,-1.12370545,-1.510975884,-1.869434233,1.84594412,0.66186436986816,3.25905087422063,2.83131398019457
14,"m",57,7,6,1,"deu",2,1,110.6,103.4,98,105.33,98.33,101.33,109.67,105,0.448888889,0.819603175,0.942857143,0.727357143,34,0.5,0.571428571,0.523809524,0.515151515,0.53125,0.895645918,1.4418,2.8441,0.6554,0.0825,0.355676768,0.9078,6.4091,0.2799,0.1275,0.590428302,0.9884,2.3035,0.4186,0.0375,0.974755265,0.692322577,0.132120374,0.522516555,-0.036038793,0.026497686,1.652157316,0.745701893,-0.89559994,0.328512865,0.904409683,-1.211852819,-0.66645475,-0.264261213,-0.481507031,0.700106955,0.103567936,-1.336054579,1.775140784,-0.136525862368569,-0.557008137384279,-0.955551609953782
15,"w",55,7,5,2,"fra",2,1,100.8,91.8,88.6,93.17,93.67,92,96.67,84,0.364444444,0.432063492,0.717777778,0.773785714,26,0.409090909,0.428571429,0.380952381,0.424242424,0.375,1.207805618,1.3407,1.7624,0.8842,0.2294,0.404020202,0.732,5.7326,0.344,0.076,0.879646218,1.4662,3.2055,0.6589,0.1876,-0.690289834,-0.956570958,-1.258842924,-1.184838882,-0.686791858,-1.278603295,-0.212961755,-1.232965584,-1.313161853,-2.643318086,-1.089207562,-0.79142858,-1.238869873,-1.06853447,-1.345750419,-0.867861475,-0.318781894,-0.087071068,1.633534112,1.2497397984567,0.387581437905633,1.35663141240009
16,"w",20,5,4,1,"deu",2,1,109.8,101.4,95.4,100.5,112.33,103.33,94.33,101,0.713333333,0.842857143,0.958730159,0.945214286,52,0.772727273,0.857142857,0.80952381,0.848484848,0.78125,0.54026044,0.8707,2.6666,0.4168,0.0975,0.334857143,0.9264,5.6292,0.2537,0.0676,0.584313158,1.142,3.7937,0.4305,0.146,0.838833217,0.408030588,-0.252614155,-0.155651764,1.919013337,0.306262098,-0.548683188,0.368812849,0.412028147,0.506834892,1.045003284,0.760907093,1.050790618,1.3442853,1.246979746,0.442813439,-0.383336177,0.72739911,-0.844582652,-1.71475227822998,-0.963805898926108,-1.00443977128072
17,"m",19,5,4,1,"deu",2,2,110.4,105.2,107,113.83,95.67,113.67,100.67,112,0.673333333,0.733730159,0.614444444,0.964285714,49,0.772727273,0.761904762,0.761904762,0.757575758,0.78125,0.768037234,0.9508,2.7393,0.6204,0.2478,0.368876289,0.9628,6.1537,0.2873,0.0525,0.639238261,1.3549,3.8246,0.4623,0.1372,0.940774753,0.948185367,1.463893744,1.71598047,-0.407498697,1.752644108,0.360921036,1.405257718,0.214235663,-0.330000567,-2.004471903,0.933604431,1.050790618,0.808103129,0.958898616,0.548195065,-0.055882392,0.770185796,-0.915385988,-0.703221488524997,-0.299100725688612,-0.565335263461649
18,"w",59,7,6,1,"deu",2,1,103.6,103,92.6,98.33,94,102.33,105.67,96,0.375555556,0.749761905,0.792380952,0.609571429,43,0.681818182,0.666666667,0.666666667,0.666666667,0.6875,0.850586598,1.3788,2.9779,0.6297,0.1283,0.386122449,0.7664,5.1604,0.317,0.0782,0.646686441,1.1847,3.1799,0.4685,0.0871,-0.214562663,0.635464179,-0.666943648,-0.460336082,-0.640708487,0.166379892,1.078274525,-0.102298455,-1.258219492,-0.207061831,-0.428417648,-2.278436781,0.478375496,0.271920958,0.382736358,0.894055532,-0.676015556,-0.122518937,1.916747456,-0.336629168516471,0.0378745696489481,-0.505790005748653
19,"d",19,5,4,1,"deu",2,2,116,104,112.6,115.67,112.67,100.67,109.67,118,0.933333333,0.83015873,0.99047619,0.935714286,46,0.727272727,0.761904762,0.666666667,0.757575758,0.6875,0.651997959,1.1154,4.0089,0.5157,0.2216,0.38625,0.7906,7.8585,0.3385,0.0337,0.678464706,1.5244,3.4013,0.4613,0.1808,1.892229096,0.777610174,2.29255273,1.974330306,1.966493174,-0.06582457,1.652157316,1.970591283,1.499886809,0.409457673,1.326190477,0.674881825,0.764583057,0.808103129,0.382736358,2.388532237,1.008451665,0.184049743,-0.915385988,-1.21853868750859,0.0403668076831309,-0.25173532674024
20,"w",43,6,5,1,"deu",2,2,99.4,95.6,104.6,92.33,104.33,106.67,103.67,97,0.485555556,0.876587302,0.834285714,0.852357143,25,0.409090909,0.380952381,0.380952381,0.393939394,0.375,1.184852083,2.5812,1.7004,0.4671,0.5387,NA,NA,NA,NA,NA,1.04725812,1.934,2.214,0.6245,0.0294,-0.92815342,-0.416416179,1.108754179,-1.302781198,0.801840691,0.773468666,0.79133313,-0.008076194,-0.714290161,0.765493127,-0.057250543,-0.079941395,-1.238869873,-1.336625555,-1.345750419,-0.957733013,NA,-1.459983652,0.783894078,1.14780576480325,NA,2.69662237668337
21,"w",48,6,6,1,"deu",2,1,104.6,92,95.2,95.5,93.67,92.33,109.33,91,0.696666667,0.885714286,0.877777778,0.847642857,35,0.545454545,0.523809524,0.571428571,0.545454545,0.53125,1.115330928,2.0762,3.1015,0.7804,0.2881,0.49543,1.4928,4.1856,0.3247,0.1067,0.918535294,1.9618,2.5308,0.5422,0.3875,-0.044660102,-0.928141759,-0.282209119,-0.857689362,-0.686791858,-1.232442167,1.603377279,-0.573409759,0.329614615,0.835483001,0.327975925,-0.122630628,-0.380247189,-0.532352298,-0.193425901,1.073218792,-1.284598873,-1.021316273,1.137910759,0.839070236554693,2.17365112981367,1.66753421719808
22,"m",59,5,7,1,"deu",2,1,109.2,98.4,94,107.33,90,96,102,98,0.78,0.629047619,0.826031746,NA,21,0.318181818,0.333333333,0.333333333,0.333333333,0.3125,1.203283333,2.2182,1.578,0.5354,6e-04,0.431195876,0.9927,5.8642,0.348,0.0975,0.778433613,1.403,3.5962,0.5922,0.2641,0.73689168,-0.018407395,-0.459778902,0.803331593,-1.199294809,-0.719074471,0.551737064,0.086146067,0.741682289,-1.132754004,-0.130359213,NA,-1.811284996,-1.604716641,-1.633831548,-1.135156824,-0.236621897,0.453924339,1.916747456,1.22965684603214,0.918570989907195,0.547476605651503
23,"m",23,5,4,1,"deu",2,2,96.4,95.8,93.8,93.33,86.67,103.67,99.67,87,0.608888889,0.688253968,0.656190476,0.897642857,29,0.454545455,0.476190476,0.428571429,0.454545455,0.4375,0.947943662,1.3845,1.1356,0.5118,0.1585,0.388252747,1.5701,4.6913,0.1947,0.0074,0.838723711,1.561,1.6125,0.3888,0.0178,-1.437861104,-0.38798698,-0.489373865,-1.162373679,-1.664317923,0.353822048,0.217450338,-0.950298802,-0.104430004,-0.678732731,-1.634710733,0.330133941,-0.952662312,-0.800443384,-1.057669289,-1.776433734,-0.96888223,-2.292870106,-0.632172644,0.09572246003125,0.079498780354811,1.0294721297865
24,"w",23,5,4,1,"deu",2,2,113.8,93,101.8,102.67,107,97.33,104.67,102,0.72,0.851904762,0.925396825,0.9,44,0.681818182,0.666666667,0.714285714,0.696969697,0.6875,0.685269892,1.1145,2.4138,0.4859,0.1425,0.374,0.9077,6.5727,0.3057,0.0897,0.607432456,0.8052,3.1522,0.5113,0.2109,1.518443461,-0.785995765,0.694424686,0.149032553,1.174697062,-0.533031138,0.934803827,0.46303511,0.444993562,0.576216159,0.749756719,0.351478558,0.478375496,0.271920958,0.670817487,0.076369491,0.205706047,-0.160874639,-0.632172644,-1.07078182399553,-0.198987771416513,-0.819610113894144
25,"m",44,6,5,1,"deu",2,1,102.6,100.2,97,98.83,101.33,100.33,100.33,97,0.786666667,0.835873016,0.977777778,0.892857143,44,0.681818182,0.714285714,0.666666667,0.696969697,0.6875,0.830140625,0.8827,2.8617,0.7199,0.3681,0.387040816,0.9133,6.3601,0.3153,0.1125,0.886262393,1.7862,3.0348,0.592,0.2737,-0.384465224,0.237455395,-0.015854445,-0.390132322,0.382900949,-0.11338452,0.312140999,-0.008076194,0.774647704,0.453277423,1.213715604,0.286797907,0.478375496,0.540012044,0.382736358,0.725618876,0.072976448,-0.323436351,0.854697415,-0.427427405034704,0.0558186795872346,1.40952511870811
26,"w",19,5,4,1,"deu",2,2,111,95.2,102.2,104.67,96.67,103.33,104.67,102,0.558888889,0.61531746,0.658412698,0.971428571,30,0.409090909,0.523809524,0.476190476,0.454545455,0.46875,0.737408696,1.2318,2.2393,0.4947,0.3181,0.388571429,0.9663,5.4121,0.2991,0.07,0.594816814,0.9118,3.7851,0.4802,0.1589,1.04271629,-0.473274577,0.753614613,0.429847592,-0.267852116,0.306262098,0.934803827,0.46303511,-0.351670609,-1.238043122,-1.615027631,0.998285082,-1.238869873,-0.532352298,-0.76958816,-0.176575403,-0.518875198,0.715490842,-0.915385988,-0.839239336026394,0.0857255555365772,-0.920467189596516
28,"w",49,7,5,1,"deu",2,1,99.6,97,105,99,99.33,103,102.33,98,0.602222222,0.891428571,0.957142857,0.955928571,33,0.5,0.523809524,0.523809524,0.515151515,0.5,1.61502963,1.6266,0.8936,1.1112,0.7811,0.365234694,0.9276,6.2565,0.292,0.0525,0.781959483,1.5988,2.4479,0.4737,0.2161,-0.894172908,-0.217411787,1.167944106,-0.366263044,0.103607788,0.26010097,0.599082395,0.086146067,-0.137395419,0.879302744,1.030943921,0.857928066,-0.66645475,-0.532352298,-0.481507031,-2.12722264,0.008297302,-1.136106443,1.208714095,3.05817523742943,-0.370254394135662,0.575664543887759
29,"m",21,5,4,1,"deu",1,2,108.6,100.4,94.2,102.33,106,98.33,96.33,99,0.894444444,1,1,0.946428571,18,0.272727273,0.285714286,0.285714286,0.272727273,0.28125,1.323804494,1.8644,1.1295,0.7197,0.4495,0.454357143,1.3552,3.7701,0.2743,0.0375,0.975649541,1.5571,1.4915,0.5503,0.0158,0.634950143,0.265884594,-0.430183938,0.101293996,1.035050481,-0.393148932,-0.261741792,0.180368328,1.30758856,1.711877954,1.410546642,0.771902797,-2.097492557,-1.872807726,-1.921912677,-1.785275933,-1.544002205,-2.460416675,-0.773779316,1.76487759008428,1.37112244412756,2.12414006677458
30,"m",24,5,4,1,"deu",2,2,108,98.8,100,100.83,114.33,106.33,89,101,0.592222222,0.790555556,0.803174603,0.976214286,43,0.681818182,0.666666667,0.666666667,0.696969697,0.65625,0.832870103,1.7066,2.7848,0.5169,0.2325,0.344438776,0.9736,5.5003,0.2584,0.1012,0.600022807,1.2593,3.2074,0.4112,0.2161,0.533008606,0.038451003,0.428070012,-0.109317283,2.198306498,0.725908716,-1.313382007,0.368812849,-0.18684354,0.105762481,-0.332813998,1.041621126,0.478375496,0.271920958,0.382736358,0.614149178,-0.46381052,-0.084440172,-0.561369308,-0.415306104228168,-0.7765889410647,-0.878847331478553
31,"w",35,6,5,1,"deu",2,1,100,101.4,80.4,95,100,91.67,88,84,0.334444444,0.680873016,0.62,0.653571429,25,0.409090909,0.380952381,0.380952381,0.393939394,0.375,1.279119588,1.4712,2.5381,1.002,0.2325,0.446050505,0.6149,5.6348,0.3961,0.1021,0.869311966,2.0112,2.7369,0.4798,0.0376,-0.826211883,0.408030588,-2.472236439,-0.927893121,0.197170997,-1.324764423,-1.456852705,-1.232965584,-1.461506216,-0.735333235,-1.955264139,-1.88000396,-1.238869873,-1.336625555,-1.345750419,0.256547429,-0.379840007,-0.735933234,0.21746739,1.56643701385037,1.20881780394608,1.27401314879595
32,"w",19,5,4,1,"deu",1,2,101.8,103.2,92.4,96.17,102.67,110.33,90.33,95,0.64,0.759603175,0.777460317,0.942857143,31,0.5,0.476190476,0.476190476,0.484848485,0.46875,0.730633333,1.4519,2.6052,0.4415,0.0375,0.499020202,1.2006,5.6433,0.3967,0.217,0.78479569,1.3768,3.8263,0.5999,0.1952,-0.520387273,0.663893378,-0.696538612,-0.763616324,0.570027367,1.28543754,-1.122565979,-0.196520715,0.049408594,-0.131594486,-0.560575632,0.739562476,-0.66645475,-0.800443384,-0.76958816,0.353811626,-0.37453332,0.772539756,-0.915385988,-0.869327951137589,2.24380062276002,0.598338898796262
33,"m",25,5,4,1,"deu",2,1,106.4,105.8,95.8,102.5,92.67,101.67,114,102,0.67,0.948809524,0.958730159,0.932142857,28,0.454545455,0.428571429,0.428571429,0.424242424,0.4375,0.991549438,1.579,1.3674,0.5235,0.258,0.355653061,0.9706,7.5752,0.2896,0.111,0.676007895,1.3177,2.7823,0.4483,0.2193,0.261164508,1.033472964,-0.193424228,0.125163274,-0.826438439,0.074057636,2.273385438,0.46303511,0.197752957,1.319326049,1.045003284,0.642541494,-0.952662312,-1.06853447,-1.057669289,-1.440430145,0.831582919,-0.673068653,-0.490565972,0.289370742889154,-0.557471351997071,-0.271376560457352
35,"m",21,5,4,1,"deu",2,2,105,110.6,92,102.17,112.67,100.67,95,102,0.711111111,0.922142857,0.876190476,0.955928571,31,0.454545455,0.523809524,0.476190476,0.454545455,0.5,0.821711364,1.059,1.7646,0.6193,0.2488,0.41311,1.4933,5.0158,0.2681,0.071,0.794851282,1.9168,2.9959,0.4538,0.132,0.023300923,1.715773737,-0.755728539,0.078828793,1.966493174,-0.06582457,-0.45255782,0.46303511,0.401039677,1.11483389,0.313916561,0.857928066,-0.952662312,-0.532352298,-0.76958816,-0.864672485,-0.766291662,-0.377300496,-0.773779316,-0.464860792721947,0.565188358264064,0.678729385746998
36,"m",53,6,5,1,"deu",2,1,99.6,100.6,94.2,95,91,98.33,111.33,93,0.496666667,0.45515873,0.649365079,0.752357143,27,0.409090909,0.428571429,0.428571429,0.424242424,0.40625,0.987281443,1.3349,2.7314,0.752,0.2233,0.407939394,1.2005,7.1524,0.321,0.1566,0.741848696,1.6343,2.8991,0.4656,0.3013,-0.894172908,0.294313793,-0.430183938,-0.927893121,-1.059648229,-0.393148932,1.890318675,-0.384965237,-0.659347805,-2.466213273,-1.695165982,-0.985470534,-1.238869873,-1.06853447,-1.057669289,0.536743692,0.56762208,-0.511337751,1.49192744,0.270417063381281,0.464159115584874,0.254994642114966
37,"w",24,5,4,1,"deu",2,1,105,103.6,104.4,103.83,100,110.67,103.33,105,0.86,0.688650794,0.772539683,0.976214286,44,0.681818182,0.714285714,0.666666667,0.696969697,0.6875,0.988573684,1.5676,2.2782,0.6617,0.0525,0.360494949,0.9077,6.586,0.2932,0.0882,0.689056034,1.3818,3.039,0.4691,0.2654,0.023300923,0.720751776,1.079159215,0.311905275,0.197170997,1.33299749,0.742553092,0.745701893,1.137267257,-0.675689688,-0.60415964,1.041621126,0.478375496,0.540012044,0.382736358,-0.12018826,0.214009451,-0.317620685,-0.561369308,0.276155758426831,-0.462864979402164,-0.167061842038894
38,"w",30,5,4,1,"deu",2,2,102,89.4,99.4,102.33,98,96.67,85.33,91,0.553333333,0.728095238,0.696984127,0.769071429,38,0.590909091,0.571428571,0.619047619,0.606060606,0.5625,0.90106875,1.9183,3.2417,0.5947,0.3383,0.333181818,0.9664,7.3485,0.2682,0.0946,0.729215254,1.8369,3.0921,0.4391,0.2337,-0.486406761,-1.297721345,0.33928512,0.101293996,-0.082122164,-0.625353393,-1.839919468,-0.573409759,-0.379141789,-0.37321171,-1.27338518,-0.834117804,-0.094039627,-0.264261213,0.094655228,1.276444431,0.690050463,-0.244094051,-0.136549291,-0.112443683323598,-0.996540324251015,0.153995262442053
39,"w",24,7,5,1,"deu",2,2,101.2,96.2,106.8,103.17,98,106,96.67,100,0.85,0.816507937,0.872380952,0.923785714,43,0.681818182,0.666666667,0.666666667,0.696969697,0.65625,0.741285714,1.2065,4.4124,0.6089,0.1699,0.35010101,0.7606,6.9153,0.2947,0.1091,0.593230631,0.826,3.1555,0.4873,0.1163,-0.62232881,-0.331128583,1.43429878,0.219236313,-0.082122164,0.679747588,-0.212961755,0.274590589,1.087819136,0.304777169,0.280174095,0.566865129,0.478375496,0.271920958,0.382736358,2.973422005,0.419596736,-0.156305187,-0.561369308,-0.822021940828354,-0.665953705486439,-0.9331480962764
40,"w",40,7,5,1,"deu",2,2,106.2,92.8,100,100.67,106.67,93,97.33,96,0.45,0.522936508,0.751746032,0.883285714,39,0.590909091,0.619047619,0.619047619,0.606060606,0.59375,0.957134375,1.4807,2.5925,0.6784,0.4046,0.397191919,0.8623,5.1959,0.3198,0.0647,0.707118333,1.3792,2.8755,0.4701,0.0017,0.227183996,-0.814424964,0.428070012,-0.131782486,1.12861369,-1.138721089,-0.118271095,-0.102298455,-0.890105705,-1.946462375,-0.788337258,0.200125828,-0.094039627,0.003829873,0.094655228,0.335402456,-0.653852335,-0.544016255,0.57148407,0.13653736929212,0.254162596808633,-0.0226608945800258
41,"w",18,5,8,1,"deu",2,1,98.2,98.8,105.4,103.17,107,99.67,91,98,0.831111111,0.988888889,0.86031746,0.976214286,42,0.681818182,0.666666667,0.619047619,0.666666667,0.65625,0.883346465,1.7708,2.1434,0.4874,0.0825,0.340484536,1.1407,7.6689,0.2688,0.0144,0.584390517,1.1089,3.0686,0.4202,0.1745,-1.132036494,0.038451003,1.227134034,0.219236313,1.174697062,-0.205706775,-1.026440612,0.086146067,0.994417129,1.62667289,0.17332296,1.041621126,0.478375496,0.271920958,0.094655228,-0.315586378,0.890081336,-0.276634087,-0.986189325,-0.191146331765593,-0.853851426849106,-1.00382131662584
42,"m",22,5,4,1,"deu",2,1,109.2,105.8,101.8,108,101,112.33,98.67,108,0.866666667,0.788333333,0.920634921,0.953571429,62,0.954545455,1,0.952380952,0.96969697,0.96875,0.682484946,0.8431,3.0987,0.5686,0.1691,0.411886598,0.9672,5.6353,0.3236,0.1687,0.927941739,1.0803,2.757,0.7569,0.2431,0.73689168,1.033472964,0.694424686,0.897404631,0.336817578,1.565201952,0.073979641,1.028368675,1.170232672,0.088721462,0.707578646,0.836583458,2.195620864,2.148558557,2.111223134,1.069160077,-0.379527849,-0.708101118,-0.70297598,-1.08314945187015,0.541284123914704,1.74273503024074
43,"w",21,5,4,1,"deu",2,2,106.4,98.8,111,106.33,107,104.33,103,107,0.771111111,0.846825397,0.961904762,0.982142857,47,0.727272727,0.761904762,0.714285714,0.757575758,0.71875,0.680116667,1.4932,3.1028,0.4453,0.0912,0.323070707,0.8711,7.0767,0.2604,0.0237,0.576762393,0.9077,3.8069,0.4698,0.1616,0.261164508,0.038451003,2.05579302,0.662924074,1.174697062,0.446144304,0.695207762,0.934146414,0.697728403,0.537265273,1.073122003,1.095306064,0.764583057,0.808103129,0.670817487,1.075103195,0.520361352,0.745676918,-0.773779316,-1.093666709072,-1.19410283181304,-1.06480515555651
44,"m",49,7,5,1,"deu",2,1,112.2,100.2,101.8,110.67,96,104,102.33,106,0.763333333,0.661428571,0.795238095,0.907142857,34,0.545454545,0.571428571,0.476190476,0.515151515,0.53125,0.807360638,1.4267,2.1907,0.5051,0.39,0.35411,0.7366,6.8164,0.301,0.0915,0.717914407,1.4197,4.095,0.5439,0.1506,1.246599363,0.237455395,0.694424686,1.272292708,-0.361415325,0.399983176,0.599082395,0.839924153,0.659268752,-0.884442103,-0.403110799,0.41615921,-0.380247189,-0.264261213,-0.76958816,-0.247023092,0.357851876,1.144603913,1.208714095,-0.528590731793878,-0.587621451277078,0.0636494535343554
45,"w",26,5,5,1,"deu",2,2,108.6,94.6,95.4,96.17,100.67,104.67,100,96,0.64,0.812619048,0.673333333,0.847571429,49,0.772727273,0.761904762,0.761904762,0.787878788,0.75,0.77790102,1.726,2.8354,0.4901,0.1926,0.34195,0.8701,7.6356,0.2871,0.0604,0.547679825,1.001,2.6682,0.3921,0.1575,0.634950143,-0.558562174,-0.252614155,-0.763616324,0.290734206,0.493704254,0.264795669,-0.102298455,0.049408594,0.274955395,-1.482869646,-0.12327743,1.050790618,0.808103129,0.958898616,0.687495949,0.86929161,-0.831060913,-0.419762636,-0.659417538759767,-0.825217506938439,-1.29730880161712
46,"w",23,5,4,1,"deu",2,2,105.2,112.2,99.2,106.67,105,102,107.33,108,0.766666667,0.770634921,0.874920635,0.945214286,37,0.590909091,0.571428571,0.571428571,0.575757576,0.5625,0.931644898,1.7386,2.3718,0.5759,0.0896,0.33642268,0.6149,5.9124,0.287,0.008,0.637498305,1.2256,3.5517,0.4732,0.1045,0.057281435,1.943207328,0.309690157,0.710662631,0.8954039,0.120218764,1.316435884,1.028368675,0.675751462,-0.046998029,0.302669075,0.760907093,-0.094039627,-0.264261213,-0.193425901,0.015488771,-0.206529862,0.392305973,-0.632172644,0.023341506157015,-0.933216637726116,-0.579245524549495
47,"w",18,5,4,1,"deu",2,1,110,111.4,102.2,115.83,106.33,103.67,97.67,112,0.763333333,0.866825397,0.952380952,NA,31,0.5,0.476190476,0.476190476,0.484848485,0.46875,NA,NA,NA,NA,NA,0.379010101,0.9573,5.2063,0.2863,0.0675,0.680965455,0.7452,2.9803,0.5816,0.1923,0.872813729,1.829490532,0.753614613,1.996795509,1.081133853,0.353822048,-0.069491057,1.405257718,0.659268752,0.69063439,0.988765839,NA,-0.66645475,-0.800443384,-0.76958816,NA,-0.647359448,-0.398901541,-0.986189325,NA,-0.101094659898006,-0.231742826064837
48,"m",20,5,4,1,"deu",2,2,101.4,107,97.4,102.83,110.67,100.67,92.67,101,0.604444444,0.841190476,0.907936508,0.921428571,52,0.818181818,0.857142857,0.761904762,0.818181818,0.8125,1.197409474,2.5863,1.8763,0.5382,0.0679,0.372505051,0.7514,7.9143,0.3271,0.0525,0.709139167,1.1733,3.0776,0.5361,0.0292,-0.588348298,1.204048157,0.043335483,0.171497756,1.687200013,-0.06582457,-0.786844546,0.368812849,-0.126406949,0.49405413,0.595103763,0.545520513,1.33699818,1.3442853,0.958898616,-0.702758762,1.043288503,-0.264171945,-0.844582652,1.20357170746931,-0.228197803144712,-0.0065051248047004
49,"w",56,8,5,1,"deu",2,1,113.8,103,106.2,113,106.67,100.67,105,112,0.535555556,0.848015873,0.818095238,0.866642857,28,0.409090909,0.476190476,0.428571429,0.454545455,0.40625,1.172858242,1.7026,1.2745,0.6653,0.3823,0.491565657,1.3469,3.9702,0.3228,0.2175,0.903741176,1.8082,2.7378,0.5879,0.25,1.518443461,0.635464179,1.345513889,1.599442229,1.12861369,-0.06582457,0.982149158,1.405257718,-0.467049556,0.546394385,-0.200656014,0.049419908,-1.238869873,-0.800443384,-1.057669289,-1.575092498,-1.419076557,-0.734687019,1.704337448,1.09454248347738,2.09814515493517,1.54926108618534
50,"w",57,7,5,1,"deu",2,1,100.6,103,92.8,99.67,92.33,97,105.33,94,0.202222222,0.522222222,0.628412698,0.520214286,35,0.545454545,0.523809524,0.571428571,0.515151515,0.5625,1.25187033,1.4176,1.8232,0.9165,0.3151,0.43247,1.0249,4.8365,0.3289,0.0827,0.895851695,1.7428,2.3938,0.5434,0.2175,-0.724270347,0.635464179,-0.637348684,-0.272190006,-0.873918277,-0.579192265,1.029494488,-0.290742976,-2.11532026,-1.951939845,-1.880749535,-3.087591749,-0.380247189,-0.532352298,-0.193425901,-0.779729386,-0.878231535,-1.21101776,1.775140784,1.44542616380032,0.943466288988074,1.48618780125307
51,"w",18,4,3,1,"deu",2,1,98,93.8,101.6,101.17,102.33,96.67,87.67,92,0.844444444,0.964285714,0.923809524,1,52,0.772727273,0.857142857,0.80952381,0.787878788,0.84375,0.744586735,1.4932,3.3254,0.529,0.2763,0.377134021,0.4978,6.2466,0.3408,0.025,0.676385965,1.3389,2.8297,0.4505,0.196,-1.166017006,-0.672278969,0.664829722,-0.061578726,0.52254753,-0.625353393,-1.504198035,-0.479187498,1.060347955,1.438004528,0.735697364,1.257007697,1.050790618,1.3442853,1.246979746,1.397771008,0.002116572,-0.607434708,-0.986189325,-0.807362482679326,-0.137751667143497,-0.268354040112308
52,"w",37,3,5,1,"deu",2,2,93,94.2,100,96.5,91.67,108,86,88,0.816666667,0.822301587,0.816349206,0.861928571,41,0.636363636,0.666666667,0.619047619,0.636363636,0.625,NA,NA,NA,NA,NA,NA,NA,NA,NA,NA,NA,NA,NA,NA,NA,-2.015529812,-0.615420571,0.428070012,-0.717281842,-0.96608502,0.959512,-1.743794101,-0.856076541,0.922992067,0.349205518,-0.216121312,0.006730675,0.192167934,0.271920958,0.094655228,NA,NA,NA,0.359074062,NA,NA,NA
53,"w",19,5,4,1,"deu",2,2,112.6,106,101.8,109.17,106,113.67,96,110,0.956666667,0.863809524,0.958730159,0.923857143,62,0.954545455,1,0.952380952,0.96969697,0.96875,NA,NA,NA,NA,NA,0.338484848,0.6735,6.9716,0.2929,0.0716,0.541319469,0.776,3.5541,0.4485,0.1794,1.314560388,1.061902162,0.694424686,1.061681429,1.035050481,1.752644108,-0.309087123,1.216813197,1.615265761,0.667507301,1.045003284,0.56751194,2.195620864,2.148558557,2.111223134,NA,0.454745732,0.395629211,-0.915385988,NA,-0.892923629263033,-1.34815733604653
54,"w",58,5,5,1,"deu",2,1,100.6,85.6,85.4,91.17,94.67,87.67,88,78,0.203333333,NA,0.703492063,0.567857143,30,0.454545455,0.476190476,0.476190476,0.454545455,0.46875,1.188806593,1.4452,1.4833,0.8173,0.2523,0.57092,0.9077,5.2698,0.4881,0.199,0.719266087,1.142,3.3473,0.5584,0.217,-0.724270347,-1.837876123,-1.732362344,-1.465653921,-0.547145278,-1.884293247,-1.456852705,-1.798299149,-2.109826025,NA,-1.215741808,-2.656171796,-0.952662312,-0.800443384,-0.76958816,-1.27242835,-0.607715377,0.109276894,1.84594412,1.165367293144,3.64866151154691,0.0744556013376453
55,"m",30,6,5,1,"deu",1,1,109.4,98.2,109,109,103.67,101,105,108,0.537777778,0.822222222,0.813015873,0.823785714,49,0.772727273,0.761904762,0.761904762,0.787878788,0.75,0.71699697,1.9033,3.1798,0.4265,0.2161,0.334242424,1.0066,7.1922,0.2658,0.0675,0.62482437,1.3762,3.908,0.446,0.2134,0.770872192,-0.046836594,1.759843382,1.037812151,0.709673948,-0.019663442,0.982149158,1.028368675,-0.456061086,0.348596911,-0.245645965,-0.33866401,1.050790618,0.808103129,0.958898616,1.186717847,0.59246986,0.885668307,-0.136549291,-0.929885485519664,-0.97581698525342,-0.680568629766173
56,"w",49,5,6,1,"deu",2,1,99.4,81.8,85.2,88.67,88.67,88.33,89.67,74,0.38,0.565634921,0.651746032,NA,27,0.409090909,0.428571429,0.428571429,0.424242424,0.40625,1.015971111,1.6158,1.5603,0.5739,0.4391,0.4376,1.1204,5.5899,0.3387,0.1378,0.705114912,1.3364,4.3357,0.5494,0.2711,-0.92815342,-2.378030902,-1.761957308,-1.81667272,-1.385024762,-1.791970991,-1.21725664,-2.175188192,-1.236242552,-1.61903148,-1.674076937,NA,-1.238869873,-1.06853447,-1.057669289,-1.160813698,-0.407871799,1.477896962,1.208714095,0.39782461012379,1.04370212497021,-0.038677454296981
57,"m",58,5,5,1,"deu",2,1,89.8,101.8,93.6,98.67,97,82,99,87,0.556666667,0.827539683,0.881746032,0.720214286,33,0.5,0.523809524,0.523809524,0.515151515,0.5,1.062758947,1.3416,2.9848,0.8447,0.4125,0.420051546,0.751,7.8032,0.3728,0.0612,0.789000855,1.3436,3.0039,0.5745,0.2221,-2.559218008,0.464888986,-0.518968829,-0.412597525,-0.221768745,-2.677425355,0.121324971,-0.950298802,-0.362659079,0.389373626,0.363124325,-1.276533471,-0.66645475,-0.532352298,-0.481507031,0.904057365,0.973926986,-0.366223037,1.84594412,0.605604058883909,0.700820262029846,0.631957532294736
58,"m",59,6,7,1,"deu",2,2,104.8,88.6,98,98.67,95.67,93.67,99,91,0.581111111,0.88452381,0.93968254,0.869071429,30,0.5,0.428571429,0.476190476,0.515151515,0.40625,0.96547732,1.563,2.3224,0.6555,0.2025,0.44530303,0.9204,4.9536,0.3565,0.1038,0.779925664,1.2713,2.6417,0.5605,0.2115,-0.01067959,-1.41143814,0.132120374,-0.412597525,-0.407498697,-1.045000011,0.121324971,-0.573409759,-0.241785897,0.826353889,0.876290965,0.071411335,-0.66645475,-1.06853447,-0.76958816,-0.056118551,-0.805124122,-0.867754997,1.916747456,0.173587437458042,1.19421277831241,0.559404964165386
59,"m",23,5,4,1,"deu",2,2,112.8,102.2,106.8,113.67,87,112.33,109.67,111,0.451111111,0.811428571,0.789206349,0.958357143,40,0.636363636,0.619047619,0.619047619,0.606060606,0.625,0.58855,1.1749,2.6258,0.3866,0.2205,0.322090909,0.6723,7.6513,0.2788,0.1061,0.547682456,1.271,3.4752,0.3667,0.0996,1.3485409,0.521747384,1.43429878,1.693515267,-1.618234551,1.565201952,1.652157316,1.311035457,-0.88461147,0.265826275,-0.456536366,0.879919493,0.192167934,0.003829873,0.094655228,0.383672169,0.879093373,0.286377771,-0.632172644,-1.5003038442894,-1.21324725123285,-1.29728776781114
60,"m",25,4,4,2,"ung",2,1,98.2,105,107,106.83,102.33,104.67,96.33,103,0.891111111,0.846031746,0.915079365,0.971428571,46,0.727272727,0.714285714,0.714285714,0.727272727,0.71875,0.593572917,0.9702,2.4393,0.4485,0.0675,0.328474747,0.9849,8.9041,0.2726,0.0337,0.620755752,0.8494,3.3193,0.5063,0.2313,-1.132036494,0.919756168,1.463893744,0.733127834,0.52254753,0.493704254,-0.261741792,0.557257371,1.291105855,0.531179195,0.658370882,0.998285082,0.764583057,0.540012044,0.670817487,0.113332784,1.661236561,0.070505787,-0.490565972,-1.47799764219388,-1.08851248735282,-0.713095623923905
61,"m",56,7,2,1,"deu",2,1,100.8,100.6,82.4,97.67,93,93.33,91.33,86,0.79,0.840634921,0.901587302,0.971428571,32,0.5,0.476190476,0.523809524,0.484848485,0.5,1.193351,2.5584,1.6843,0.4855,0.0375,0.45089,1.2572,4.984,0.3258,0.0538,0.717380508,1.355,3.717,0.5367,0.1082,-0.690289834,0.294313793,-2.176286801,-0.553005044,-0.780355067,-1.092559961,-0.979095281,-1.044521062,0.79113041,0.489793881,0.538866326,0.998285082,-0.66645475,-0.800443384,-0.481507031,-0.981070622,-0.786144913,0.621193971,1.704337448,1.18554848685002,1.30337741935668,0.0593811418732904
62,"m",26,5,4,1,"deu",2,1,110.2,94.2,97.4,103.83,100.33,95,100,98,0.513333333,0.87952381,0.791746032,0.910785714,48,0.727272727,0.761904762,0.761904762,0.757575758,0.75,0.602353488,1.0005,1.7199,0.4091,0.1768,0.550216495,1.5519,2.306,0.1836,0.057,0.791466964,1.5622,2.7291,0.4959,0.1422,0.906794241,-0.615420571,0.043335483,0.311905275,0.243254369,-0.858956677,0.264795669,0.086146067,-0.576934273,0.788011609,-0.434041386,0.449146341,0.764583057,0.808103129,0.958898616,-0.929466965,-2.458063381,-0.746733756,-0.419762636,-1.43900412682423,3.24413263602345,0.651673099849943
63,"w",55,6,6,1,"deu",2,1,105.6,90.8,92.4,94.5,94.33,95,103,89,0.522222222,0.848015873,0.89984127,0.7845,43,0.636363636,0.714285714,0.666666667,0.666666667,0.6875,0.903559794,1.8481,2.1053,0.485,0.3076,0.3527,0.9287,8.277,0.2963,0.0135,0.601377966,1.4348,4.1125,0.4293,0.1902,0.125242459,-1.098716952,-0.696538612,-0.998096881,-0.594625115,-0.858956677,0.695207762,-0.76185428,-0.532980387,0.546394385,0.523401028,-0.694407598,0.192167934,0.540012044,0.382736358,-0.370813888,1.269727946,1.168835854,1.633534112,-0.101381240744351,-0.615171651810179,-0.868013370444167
64,"w",54,5,6,1,"deu",2,1,109.4,96.2,100,104.33,104.33,96.67,99.67,100,0.458888889,0.80515873,0.923809524,0.797642857,37,0.590909091,0.571428571,0.571428571,0.575757576,0.5625,1.131408163,1.7267,2.6896,0.8143,0.4377,0.43879,1.2493,4.5894,0.3015,0.0375,0.874104237,1.5062,3.3265,0.652,0.1851,0.770872192,-0.331128583,0.428070012,0.382109035,0.801840691,-0.625353393,0.217450338,0.274590589,-0.846151819,0.217746276,0.735697364,-0.575395198,-0.094039627,-0.264261213,-0.193425901,0.476152881,-1.032500039,0.0804755,1.562730776,0.910467405380515,1.06695371265418,1.31232546290833
65,"w",38,5,5,1,"deu",2,1,110.6,105.2,95.8,102.17,108.33,112,94.67,104,0.717777778,0.642142857,0.896825397,0.807142857,26,0.409090909,0.428571429,0.380952381,0.393939394,0.40625,1.333454639,1.8447,2.3366,0.9591,0.3374,0.375191919,0.6735,7.6219,0.3346,0.0344,0.664265517,1.3622,2.8408,0.4317,0.0526,0.974755265,0.948185367,-0.193424228,0.078828793,1.360427014,1.519040824,-0.499903151,0.651479632,0.434005092,-1.03233375,0.496688244,-0.48936993,-1.238869873,-1.06853447,-1.345750419,-0.03553507,0.86073848,-0.592064734,0.429877398,1.80773278451035,-0.175698688105014,-0.365252235343487
66,"w",23,5,4,1,"deu",2,2,112,103.2,109.6,101.67,116,118.67,103.33,113,0.664444444,0.831746032,0.874920635,0.911928571,48,0.727272727,0.761904762,0.761904762,0.757575758,0.75,0.610189474,1.1561,2.8058,0.4146,0.0525,0.320867347,0.9154,6.9606,0.2555,0.0525,0.543861864,1.1817,4.5565,0.4131,0.1729,1.212618851,0.663893378,1.848628273,0.008625033,2.431516288,2.452055138,0.742553092,1.499479979,0.170281777,0.421629828,0.302669075,0.459495244,0.764583057,0.808103129,0.958898616,0.644589537,0.447878255,1.783634833,-0.632172644,-1.40420540581537,-1.2371546118461,-1.3278318920477
67,"w",22,7,4,1,"deu",2,2,106.2,101,95.2,99.17,93.33,106.33,106,98,0.58,0.83531746,0.787460317,0.902357143,25,0.363636364,0.428571429,0.380952381,0.363636364,0.40625,1.241555208,2.1645,1.8311,0.6832,0.327,0.423575758,1.0834,4.174,0.2945,0.0566,0.856831897,1.5028,2.0221,0.5149,0.0475,0.227183996,0.35117219,-0.282209119,-0.342393765,-0.734271696,0.725908716,1.125619855,0.086146067,-0.247280132,0.449017166,-0.472001665,0.372823175,-1.525077435,-1.06853447,-1.345750419,-0.768278013,-1.291840939,-1.725704202,-0.70297598,1.39961788228345,0.769680366512941,1.17423992568897
68,"w",21,5,4,1,"deu",2,2,109.2,99.2,99.4,104.83,101.33,99.67,102.33,102,0.653333333,0.76468254,0.706507937,0.8095,35,0.545454545,0.571428571,0.523809524,0.545454545,0.53125,0.891534,2.0204,2.8612,0.5483,0.482,0.390329897,0.9664,6.148,0.3074,0.085,0.783224786,1.6566,3.39,0.5429,0.2702,0.73689168,0.095309401,0.33928512,0.452312795,0.382900949,-0.205706775,0.599082395,0.46303511,0.115339421,-0.0926436,-1.189029015,-0.468025313,-0.380247189,-0.264261213,-0.481507031,0.724894105,-0.059440993,0.168402832,-0.773779316,-0.154786421702555,0.120084524352919,0.585780141687494
69,"m",51,6,5,1,"deu",2,2,88.2,93.4,84.4,86.17,88.67,92,90.33,73,NA,NA,NA,NA,15,0.227272727,0.238095238,0.238095238,0.242424242,0.21875,0.946962766,1.5719,2.6373,0.6126,0.6835,0.36436,0.6149,7.3305,0.3265,0.1377,0.692071186,1.6679,4.0792,0.4874,0.1915,-2.831062106,-0.729137367,-1.880337163,-2.167691518,-1.385024762,-1.278603295,-1.122565979,-2.269410453,NA,NA,NA,NA,-2.383700119,-2.140898812,-2.209993807,0.40034189,0.678812774,1.122725931,1.350320767,0.0913664126566499,-0.387345170805946,-0.142956892523193
70,"m",46,7,6,1,"deu",2,2,108,105.4,93.4,102,95,109.67,102.67,101,0.421111111,0.765079365,0.879365079,0.896428571,38,0.590909091,0.619047619,0.571428571,0.575757576,0.59375,NA,NA,NA,NA,NA,NA,NA,NA,NA,NA,NA,NA,NA,NA,NA,0.533008606,0.976614566,-0.548563793,0.054959515,-0.501061906,1.193115284,0.647862432,0.368812849,-1.032955833,-0.089600565,0.342035279,0.319138228,-0.094039627,0.003829873,-0.193425901,NA,NA,NA,0.996304087,NA,NA,NA
71,"w",23,5,4,1,"deu",2,1,114.8,105,100.8,109.17,102,112,102,110,0.761111111,0.88452381,0.818095238,0.917857143,48,0.727272727,0.761904762,0.761904762,0.757575758,0.75,0.582668421,1.1222,3.292,0.4143,0.2149,0.325701031,0.8721,8.3637,0.2735,0.0525,0.503735088,1.0306,4.7455,0.3925,0.151,1.688346023,0.919756168,0.546449867,1.061681429,0.476464158,1.519040824,0.551737064,1.216813197,0.648280282,0.826353889,-0.200656014,0.513180191,0.764583057,0.808103129,0.958898616,1.34935634,1.32385615,2.045339804,-0.632172644,-1.52642326649262,-1.14270853843217,-1.64862961956122
72,"w",54,5,5,1,"deu",2,1,105,89.2,90.6,91,93,101.33,98.33,86,0.483333333,0.465793651,0.832539683,0.590428571,47,0.727272727,0.761904762,0.714285714,0.757575758,0.71875,1.45066701,1.4275,2.1706,1.1581,0.0199,0.407505051,0.6725,6.9581,0.3617,0.0954,0.638748305,1.5867,3.487,0.4181,0.2046,0.023300923,-1.326150543,-0.962893286,-1.489523199,-0.780355067,0.026497686,0.025199603,-1.044521062,-0.725278636,-2.384659851,-0.072715833,-2.451780939,0.764583057,0.808103129,0.670817487,-0.276158865,0.446317465,0.302717023,1.562730776,2.32825956916965,0.455672422854271,-0.569252268191399
73,"w",59,6,5,1,"deu",2,1,95,96.6,89.6,90.67,92,94,101.33,84,0.247777778,0.50547619,0.615873016,0.687,29,0.454545455,0.476190476,0.428571429,0.454545455,0.4375,1.27636044,1.6429,1.2877,0.817,0.3763,0.452424242,1.2095,4.6804,0.3275,0.1125,0.8452225,1.851,2.9275,0.536,0.2074,-1.675724689,-0.274270185,-1.110868105,-1.535857681,-0.920001648,-0.998838883,0.455611697,-1.232965584,-1.890056595,-2.080356053,-1.991818474,-1.577298509,-0.952662312,-0.800443384,-1.057669289,-1.555958557,-0.975687275,-0.472012771,1.916747456,1.55418395195437,1.33335520287888,1.08142738138184
74,"m",25,7,4,1,"deu",2,1,102,84.8,89.2,96.83,88,90.67,87.67,81,0.786666667,0.96547619,0.937777778,0.95,39,0.636363636,0.619047619,0.571428571,0.606060606,0.59375,0.898435714,1.6105,2.5975,0.6047,0.2775,0.476072917,1.2952,4.4194,0.3231,0.1897,0.967267241,2.0909,2.3186,0.5322,0.264,-0.486406761,-1.951592919,-1.170058032,-0.670947361,-1.478587971,-1.464646629,-1.504198035,-1.515632366,0.774647704,1.447133641,0.859419732,0.804243128,0.192167934,0.003829873,-0.193425901,0.34265016,-1.138633773,-1.315145875,-0.490565972,-0.12413669619655,1.79543019478821,2.0571268885582
75,"w",60,5,5,1,"deu",2,1,89.8,81.4,82,85,85,86.67,80.33,70,0.378888889,NA,NA,0.638071429,19,0.318181818,0.285714286,0.285714286,0.303030303,0.28125,1.544358511,1.3896,2.0184,1.2267,0.2363,0.372181818,0.9663,5.7001,0.2876,0.1037,0.946684685,2.1809,2.4488,0.4939,0.4526,-2.559218008,-2.4348893,-2.235476728,-2.331968316,-1.897527713,-2.024175453,-2.557272957,-2.552077235,-1.241736787,NA,NA,-2.020360977,-1.811284996,-1.872807726,-1.921912677,-0.496778995,-0.339072167,-1.134860228,1.987550793,2.74433285008156,-0.234513500995007,1.89257748166791
76,"w",27,7,5,1,"deu",2,1,100.6,90.6,93,95.17,94,93.33,96,86,0.401111111,0.772619048,0.792539683,0.835714286,28,0.454545455,0.428571429,0.428571429,0.424242424,0.4375,1.140835052,2.079,2.0788,0.659,0.1506,0.36602,1.1921,4.685,0.2403,0.0675,0.68044087,1.3709,4.5326,0.5146,0.3314,-0.724270347,-1.127146151,-0.60775372,-0.904023843,-0.640708487,-1.092559961,-0.309087123,-1.044521062,-1.131852075,-0.031782839,-0.427011704,-0.230647315,-0.952662312,-1.06853447,-1.057669289,-0.409226723,-0.972815422,1.750540924,-0.348959299,0.952331145347946,-0.354910182944281,-0.235936675974127
77,"m",23,7,4,1,"deu",2,1,110,99.6,106.2,105.67,109.33,108.33,97.33,107,0.771111111,0.93547619,0.88047619,0.869071429,62,0.954545455,1,0.952380952,0.96969697,0.96875,0.669308163,1.6318,3.8747,0.461,0.1502,0.33388,0.8163,7.4389,0.2801,0.044,NA,NA,NA,NA,NA,0.872813729,0.152167798,1.345513889,0.570255111,1.500073595,1.005673128,-0.118271095,0.934146414,0.697728403,1.217079965,0.35187683,0.071411335,2.195620864,2.148558557,2.111223134,2.194003844,0.746488637,NA,-0.632172644,-1.14166604383588,-0.982898441904489,NA
78,"w",20,5,4,1,"deu",2,1,104,96.8,100.2,102.67,93.67,103,99.67,97,0.617777778,0.778492063,0.904761905,0.919071429,53,0.818181818,0.80952381,0.857142857,0.818181818,0.84375,0.591932258,1.1354,3.5487,0.4265,0.0938,0.313494949,0.7822,8.4878,0.2701,0.0238,0.551503636,1.0239,2.8422,0.3899,0.1601,-0.146601639,-0.245840986,0.457664976,0.149032553,-0.686791858,0.26010097,0.217450338,-0.008076194,-0.060476118,0.013254117,0.566985045,0.524175905,1.33699818,1.076194215,1.535060875,1.721453499,1.401333776,-0.590126178,-0.844582652,-1.48528362187936,-1.38120499717223,-1.2667389427468
80,"m",55,6,5,1,"deu",2,1,101,96.8,105.8,100.17,100.67,104.67,100.33,99,0.384444444,0.518650794,0.815555556,NA,28,0.454545455,0.476190476,0.380952381,0.424242424,0.4375,0.766709877,0.9535,1.7316,0.5837,0.2776,0.357270833,0.8408,5.6056,0.2815,0.0375,0.69181875,1.145,3.6751,0.524,0.3675,-0.656309322,-0.245840986,1.286323961,-0.201986246,0.290734206,0.493704254,0.312140999,0.180368328,-1.214265611,-1.979327183,-0.223150985,NA,-0.952662312,-0.800443384,-1.345750419,-0.912507336,-0.398070036,0.563175779,1.633534112,-0.709116129725498,-0.525861463332647,-0.144975018652802
81,"w",54,5,5,1,"deu",2,1,106,95.4,95.6,100.17,100.33,97,97.33,95,0.515555556,0.617222222,0.720952381,0.789285714,30,0.454545455,0.476190476,0.476190476,0.454545455,0.46875,0.94866383,1.4982,1.8346,0.5923,0.0157,0.379061224,0.8492,6.1341,0.3106,0.1423,0.732276923,1.61,2.696,0.4412,0.1298,0.193203484,-0.444845378,-0.223019191,-0.201986246,0.243254369,-0.579192265,-0.118271095,-0.196520715,-0.565945798,-1.223436539,-1.061088843,-0.651071563,-0.952662312,-0.800443384,-0.76958816,-0.763204619,-0.068118987,-0.792566743,1.562730776,0.0989206440646955,-0.100095759967614,0.178472097002563
82,"w",20,5,3,1,"deu",2,1,102.4,94.2,97.4,103.83,92.67,96.33,93.33,93,0.577777778,0.758730159,0.766666667,0.845285714,43,0.681818182,0.666666667,0.619047619,0.666666667,0.65625,0.6293,1.2344,2.5397,0.4168,0.0377,0.35358,0.7908,8.5625,0.3097,0.0359,0.620517949,1.1172,4.856,0.503,0.219,-0.418445736,-0.615420571,0.043335483,0.311905275,-0.826438439,-0.672913344,-0.692153886,-0.384965237,-0.258268602,-0.138289171,-0.656179273,-0.143975245,0.478375496,0.271920958,0.094655228,0.258866694,1.447970187,2.198347207,-0.844582652,-1.31933773726588,-0.597977200413633,-0.714996764997285
83,"w",22,7,4,1,"deu",2,1,110.2,108.4,95.2,110.67,106,95.33,100.33,106,0.753333333,0.763492063,0.909206349,0.911928571,40,0.636363636,0.619047619,0.619047619,0.606060606,0.625,1.155385714,1.7277,2.1517,0.7619,0.1849,0.446959596,1.4396,4.3589,0.2771,0.0908,0.684030769,1.4933,3.8463,0.4848,0.1468,0.906794241,1.403052549,-0.282209119,1.272292708,1.035050481,-0.812795549,0.312140999,0.839924153,0.609820631,-0.10177272,0.606351249,0.459495244,0.192167934,0.003829873,0.094655228,-0.303555189,-1.176404896,0.800233404,-0.70297598,1.01694897741555,1.22658066873533,-0.207236851168788
84,"m",21,5,4,1,"deu",2,1,108.8,102.4,97.8,101.83,99,109.33,103,103,0.577777778,0.652619048,0.713650794,0.922642857,33,0.5,0.523809524,0.523809524,0.515151515,0.5,0.988660204,1.6504,2.6903,0.6888,0.4275,0.410606061,1.0834,7.1335,0.3355,0.1245,0.662236134,1.0874,4.9639,0.5504,0.1798,0.668930655,0.550176583,0.10252541,0.031090236,0.057524416,1.145555334,0.695207762,0.557257371,-0.258268602,-0.951997542,-1.125761897,0.556516226,-0.66645475,-0.532352298,-0.481507031,0.477167559,0.555822506,2.347754436,-0.773779316,0.276539983888909,0.516263520269275,-0.381476350997697
85,"m",35,3,5,1,"deu",2,2,110.8,100.8,100.2,105.83,103.67,107,97.33,105,0.81,0.806269841,0.952380952,0.808357143,54,0.818181818,0.857142857,0.857142857,0.848484848,0.84375,0.840143299,1.4627,2.6187,0.5779,0.2516,0.377346939,0.5564,7.9974,0.3461,0.0506,0.785392437,1.8637,3.328,0.504,0.2475,1.008735778,0.322742992,0.457664976,0.592720314,0.709673948,0.819629794,-0.118271095,0.745701893,0.890026652,0.226266782,0.988765839,-0.478374216,1.33699818,1.3442853,1.535060875,0.373380428,1.095169169,0.082552524,0.21746739,-0.383006669486105,-0.133591430549804,0.603109655397802
86,"w",20,5,4,1,"deu",2,1,107.4,99.8,99.4,104.33,98.33,109.33,94.67,101,0.741111111,0.791269841,0.833968254,0.923857143,54,0.818181818,0.904761905,0.80952381,0.818181818,0.875,0.608669792,1.0464,2.7919,0.4487,0.1575,0.329919192,0.732,8.3659,0.2885,0.0404,0.512530769,1.6545,4.2722,0.3228,0.0737,0.43106707,0.180596997,0.33928512,0.382109035,-0.036038793,1.145555334,-0.499903151,0.368812849,0.54938404,0.111239944,-0.060062413,0.56751194,1.33699818,1.612376386,1.246979746,0.624440918,1.325229645,1.389969631,-0.844582652,-1.41095414042773,-1.06028926082159,-1.57831162349959
87,"w",29,5,5,1,"deu",2,1,107.8,94.4,102.4,102.17,106.33,105.67,91.33,100,0.422222222,0.812301587,0.731269841,0.827357143,42,0.636363636,0.666666667,0.666666667,0.636363636,0.65625,0.871596739,1.4075,1.495,0.518,0.0217,0.476907216,1.218,5.2432,0.3581,0.1624,0.754605882,1.6104,2.5856,0.4566,0.1502,0.499028094,-0.586991373,0.783209577,0.078828793,1.081133853,0.63358646,-0.979095281,0.274590589,-1.027461598,0.27252096,-0.969703006,-0.30632368,0.192167934,0.271920958,0.382736358,-1.255468721,-0.624322184,-0.945435678,-0.207352627,-0.243325526190453,1.81173168752195,0.356983306199698
88,"w",22,5,3,1,"deu",2,2,104.4,98.4,90.6,98.33,90,101.67,100.67,92,0.774444444,0.84047619,0.862539683,0.904785714,56,0.909090909,0.904761905,0.80952381,0.909090909,0.84375,0.669297753,1.3491,1.7595,0.3547,0.0375,0.430572917,1.1695,2.7473,0.2211,0.005,0.639467925,0.9341,2.6889,0.4842,0.2832,-0.078640614,-0.018407395,-0.962893286,-0.460336082,-1.199294809,0.074057636,0.360921036,-0.479187498,0.714211108,0.488576659,0.193006071,0.394814593,1.909413303,1.612376386,1.246979746,-0.872065144,-2.182552694,-0.802397988,-0.70297598,-1.14171227345979,0.906398900989536,-0.563499190479068
89,"w",53,4,5,1,"deu",1,2,104,97.2,91.8,105.17,89,92.33,96.67,92,0.585555556,0.763888889,0.846349206,0.810714286,29,0.454545455,0.476190476,0.428571429,0.454545455,0.4375,0.910838889,1.1766,2.255,0.6803,0.2175,0.40309375,0.8073,4.2516,0.3141,0.0375,0.773952174,1.0249,2.723,0.6206,0.1902,-0.146601639,-0.188982588,-0.785323503,0.500051351,-1.33894139,-1.232442167,-0.212961755,-0.479187498,-0.219808951,-0.098729678,0.049600592,-0.457029599,-0.952662312,-0.800443384,-1.057669289,-0.15381761,-1.243394012,-0.755180319,1.49192744,-0.06905560921541,0.369479353945141,0.511649270627367
91,"w",33,5,5,1,"deu",2,1,92,86.8,85.2,85.17,90,95,84.67,71,0.285555556,0.451587302,0.877301587,0.682071429,29,0.5,0.428571429,0.476190476,0.484848485,0.4375,0.856821839,1.4357,1.4214,0.4675,0.0375,0.35953,1.1931,7.6001,0.2813,0.1192,0.714874138,1.3762,2.7294,0.4818,0.2175,-2.185432373,-1.66730093,-1.761957308,-2.308099038,-1.199294809,-0.858956677,-1.934610129,-2.457854974,-1.703252581,-2.493600611,0.323758112,-1.621928155,-0.66645475,-1.06853447,-0.76958816,-1.362154934,0.84712839,-0.746318351,0.075860717,-0.308939173666816,-0.481719261993806,0.0393437035226973
92,"w",32,4,2,1,"deu",2,2,102,95.6,93.6,100.33,98.67,94.67,91.33,91,0.873333333,0.825,0.903333333,0.842857143,37,0.590909091,0.571428571,0.571428571,0.575757576,0.5625,0.781293878,1.7279,2.605,0.4611,0.2366,0.407989362,1.4348,4.0458,0.2344,0.1413,0.692877477,1.0978,2.9714,0.5146,0.243,-0.486406761,-0.416416179,-0.518968829,-0.179521043,0.011441045,-0.905117805,-0.979095281,-0.573409759,1.203198083,0.369898179,0.554331616,-0.165966663,-0.094039627,-0.264261213,-0.193425901,0.353521717,-1.371878261,-0.411225214,0.005057381,-0.64435024295747,0.465135447797809,-0.136510914393412
93,"m",21,5,4,1,"deu",2,2,104.4,102.2,101.4,103.5,94,103.33,109,102,0.694444444,0.703174603,0.777619048,0.976214286,36,0.545454545,0.571428571,0.571428571,0.545454545,0.5625,0.552948352,0.5968,3.3483,0.486,0.1857,0.335387755,0.6735,8.3276,0.2955,0.0581,0.514786486,0.7876,3.4706,0.4141,0.1089,-0.078640614,0.521747384,0.635234758,0.265570794,-0.640708487,0.306262098,1.556031949,0.46303511,0.31862614,-0.5643145,-0.559169689,1.041621126,-0.380247189,-0.264261213,-0.193425901,1.430965495,1.301318339,0.280008232,-0.773779316,-1.65840670667423,-0.953438191830172,-1.56027805689774
94,"w",23,7,4,1,"deu",2,2,100.2,102,99.6,107.33,103,100.67,84.67,98,0.771111111,0.885714286,0.901587302,0.971428571,44,0.681818182,0.714285714,0.666666667,0.696969697,0.6875,0.743795,1.6479,3.1176,0.4801,0.0825,0.310040404,0.852,9.4346,0.2671,0.0159,0.635861864,0.732,4.1383,0.5604,0.2718,-0.792231371,0.493318185,0.368880084,0.803331593,0.616110739,-0.06582457,-1.934610129,0.086146067,0.697728403,0.835483001,0.538866326,0.998285082,0.478375496,0.540012044,0.382736358,1.096556401,1.992436242,1.20456066,-0.632172644,-0.810878487605566,-1.44870386774005,-0.592328224091815
96,"w",23,5,4,1,"deu",2,1,100,92,94.6,91.67,87.67,101.33,105.33,88,0.606666667,0.9,0.825396825,0.8285,43,0.681818182,0.714285714,0.619047619,0.666666667,0.6875,0.624157292,0.9423,3.3815,0.4943,0.1778,0.35848,0.7304,5.4858,0.2947,0.0026,0.610577679,1.2005,3.4062,0.4361,0.2211,-0.826211883,-0.928141759,-0.37099401,-1.395450161,-1.524671342,0.026497686,1.029494488,-0.856076541,-0.115418474,0.945032368,-0.13598296,-0.295974777,0.478375496,0.540012044,0.094655228,1.479090254,-0.472863103,0.190834686,-0.632172644,-1.34217591754364,-0.502235368773776,-0.794465298100239
97,"w",19,5,4,1,"deu",2,1,105,109.6,103.4,113.17,97.33,102.33,104,109,0.821111111,0.865079365,0.941269841,0.95,43,0.681818182,0.666666667,0.666666667,0.696969697,0.65625,0.713832979,1.079,2.4512,0.5222,0.1642,0.378949495,0.7922,7.8863,0.3284,0.0781,0.618598291,1.2991,4.7553,0.4874,0.1425,0.023300923,1.573627742,0.931184396,1.623311507,-0.175685373,0.166379892,0.83867846,1.122590936,0.944969008,0.677245021,0.89035032,0.804243128,0.478375496,0.271920958,0.382736358,0.130582322,1.025807652,2.058909691,-0.915385988,-0.943936409051626,-0.102278849581346,-0.730343672608381
98,"w",27,6,5,1,"deu",2,1,90,90.6,91.6,94.33,96.33,88,80.67,78,0.232222222,0.537777778,0.535238095,0.586928571,25,0.409090909,0.380952381,0.380952381,0.333333333,0.4375,0.879773626,0.977,2.1282,0.7212,0.108,0.38694898,0.6735,7.0921,0.3419,0.0743,0.700604425,1.2677,2.6541,0.4811,0.1991,-2.525237496,-1.127146151,-0.814918467,-1.021966159,-0.315331954,-1.838132119,-2.50849292,-1.798299149,-1.966975897,-1.832652751,-2.706033964,-2.483474459,-1.238869873,-1.336625555,-1.345750419,-0.337619401,0.52997582,-0.850584935,-0.348959299,-0.207012902682202,0.0540242822708103,-0.0747370166096693
99,"m",21,3,3,1,"deu",2,2,108.4,89.4,90.4,102.33,89.33,101.67,84.67,89,0.273333333,0.882857143,0.950952381,0.563142857,57,0.818181818,0.952380952,0.904761905,0.878787879,0.90625,0.906597531,1.1807,1.1044,0.6208,0.3204,0.357265306,1.0127,4.6082,0.2502,0.0675,0.71625812,1.7947,2.9333,0.4002,0.2074,0.600969631,-1.297721345,-0.99248825,0.101293996,-1.292858018,0.074057636,-1.934610129,-0.76185428,-1.763689178,0.813573126,0.976112418,-2.69886103,1.33699818,1.880467471,1.823142005,-1.821659411,-1.020762897,-0.463981613,-0.773779316,-0.0878909968412521,-0.525969456210908,0.0504080930594899
100,"w",46,7,5,1,"deu",1,2,110.2,106.6,95.2,105,105.33,105.67,99,105,0.721111111,0.626031746,0.843968254,0.685714286,49,0.772727273,0.761904762,0.761904762,0.787878788,0.75,1.070009677,1.3421,1.6161,0.742,0.2889,0.437030612,0.9879,5.2101,0.341,0.0975,0.683987069,1.4313,2.7673,0.4386,0.1275,0.906794241,1.147189759,-0.282209119,0.476182073,0.941487272,0.63358646,0.121324971,0.745701893,0.450487798,-1.155881093,0.028511555,-1.588941024,1.050790618,0.808103129,0.958898616,-1.079929314,-0.644987047,-0.693838889,0.996304087,0.637803724679704,1.03257676782046,-0.207586215411068
101,"w",27,7,4,1,"deu",2,1,106.4,92.8,96.2,93.33,102.67,101,102,94,0.242222222,0.748095238,0.908730159,0.647571429,34,0.545454545,0.523809524,0.523809524,0.515151515,0.53125,0.944645361,1.6119,2.6925,0.6436,0.2757,0.380585859,1.0248,5.5775,0.2902,0.0896,0.566757627,1.4049,4.2382,0.3956,0.0576,0.261164508,-0.814424964,-0.1342343,-1.162373679,0.570027367,-0.019663442,0.551737064,-0.290742976,-1.917527776,-0.219842593,0.602133445,-1.934335708,-0.380247189,-0.532352298,-0.481507031,0.480356549,-0.415613318,1.34289043,-0.348959299,0.0810750810923103,-0.0703056890528712,-1.14478930870912
104,"w",27,5,4,2,"gr",2,2,96.2,100.4,108.2,101.33,97.33,97.67,110.33,100,0.611111111,0.706746032,0.812063492,0.848857143,33,0.5,0.523809524,0.523809524,0.515151515,0.5,1.100333673,2.1446,2.4249,0.6495,0.0929,0.424112245,1.1866,4.0452,0.2794,0.0375,0.734339655,1.3503,3.7164,0.5458,0.2475,-1.471841616,0.265884594,1.641463527,-0.039113523,-0.175685373,-0.485471187,1.746847977,0.274590589,-0.093441534,-0.536927154,-0.254081581,-0.111634915,-0.66645475,-0.532352298,-0.481507031,0.092459395,-1.372252851,0.620363162,-0.348959299,0.772469135858029,0.780162866111098,0.194962824741801
105,"w",19,5,4,1,"deu",2,2,111.6,108,105.4,110.33,101.33,110,109.67,113,0.791111111,0.991666667,0.955555556,0.964285714,40,0.590909091,0.666666667,0.619047619,0.636363636,0.59375,1.110985,2.1961,2.302,0.6278,0.3151,0.375232323,0.8012,5.944,0.3096,0.094,0.645531034,1.2669,3.4773,0.4679,0.2663,1.144657827,1.346194151,1.227134034,1.224554152,0.382900949,1.239276412,1.652157316,1.499479979,0.796624645,1.647974158,1.016884566,0.933604431,-0.094039627,0.271920958,0.094655228,-0.085689186,-0.186801474,0.289285604,-0.915385988,0.819770465473354,-0.17490922831612,-0.515027028427804
106,"w",23,5,4,1,"deu",2,2,100.4,91,83,85.83,97.33,102,86.33,79,0.143333333,0.591190476,0.54968254,NA,13,0.227272727,0.142857143,0.238095238,0.181818182,0.21875,1.070233824,1.2192,0.9505,0.7555,0.2341,0.42706,1.1994,3.9327,0.2788,0.0045,0.946351724,1.7072,2.669,0.6125,0.5144,-0.758250859,-1.070287753,-2.08750191,-2.215430075,-0.175685373,0.120218764,-1.69644877,-1.704076888,-2.406514751,-1.423059834,-2.578093784,NA,-2.383700119,-2.677080983,-2.209993807,-2.044743761,-1.44248841,-0.829953167,-0.632172644,0.638799135967827,0.837759491197945,1.88991558996371
107,"w",22,5,4,1,"deu",2,1,100,95.4,94,102.33,95.33,88,94.33,90,0.497777778,0.764206349,0.822539683,0.869071429,28,0.454545455,0.428571429,0.428571429,0.424242424,0.4375,0.942342529,1.3973,1.3423,0.5702,0.2808,0.325414141,0.7308,7.3936,0.2773,0.076,0.623626271,1.4348,4.1339,0.4491,0.1987,-0.826211883,-0.444845378,-0.459778902,0.101293996,-0.454978535,-1.838132119,-0.548683188,-0.667632019,-0.65385357,-0.09629525,-0.161289801,0.071411335,-0.952662312,-1.06853447,-1.057669289,-1.476813622,0.718207119,1.198468057,-0.70297598,0.0708484665605515,-1.14831412497893,-0.690146958125677
108,"w",58,4,2,1,"deu",2,1,104.2,91.8,90.2,98,92.33,87.33,101.33,87,0.194444444,NA,NA,0.636857143,28,0.454545455,0.380952381,0.476190476,0.424242424,0.4375,1.138550549,1.3763,1.9189,0.8158,0.2232,0.46286,0.9663,4.4044,0.3575,0.0675,0.847269828,1.3176,2.6302,0.6146,0.1692,-0.112621126,-0.956570958,-1.022083213,-0.506670563,-0.873918277,-1.931853197,0.455611697,-0.950298802,-2.153779911,NA,NA,-2.03135669,-0.952662312,-1.336625555,-0.76958816,-0.641008319,-1.147998514,-0.883678844,1.84594412,0.942185927816817,1.53726103664833,1.09779496022432
109,"w",24,7,4,1,"deu",2,2,106.4,101.4,106.2,107.5,103,106.33,99,106,0.887777778,0.856269841,0.961904762,0.947642857,50,0.772727273,0.80952381,0.761904762,0.787878788,0.78125,0.942607292,1.1292,2.6532,0.7592,0.1575,0.369888889,0.9077,7.3027,0.3084,0.0319,0.653593043,1.142,4.7611,0.5316,0.1969,0.261164508,0.408030588,1.345513889,0.827200872,0.616110739,0.725908716,0.121324971,0.839924153,1.274623149,0.609689575,1.073122003,0.782898511,1.050790618,1.076194215,0.958898616,0.423389591,0.661456787,2.066940849,-0.561369308,0.0720242488769655,-0.279315383092996,-0.450574450269181
110,"w",23,7,4,1,"deu",2,1,110.8,109.8,107.6,113.17,108.33,112,100.33,115,0.774444444,0.777142857,0.834126984,0.958357143,35,0.545454545,0.523809524,0.571428571,0.545454545,0.53125,0.997012245,2.2876,2.5376,0.5312,0.2902,0.358770833,0.8862,5.2705,0.2761,0.0931,0.699728448,1.4208,2.95,0.4589,0.1486,1.008735778,1.602056941,1.552678635,1.623311507,1.360427014,1.519040824,0.312140999,1.6879245,0.714211108,0.002907791,-0.058656478,0.879919493,-0.380247189,-0.532352298,-0.193425901,0.255822658,-0.607278355,-0.440857417,-0.632172644,0.313630446354451,-0.496552739361262,-0.0817401067895059
111,"w",27,6,4,1,"deu",2,2,110,106,96.6,107.33,108.67,98.33,99.33,105,0.753333333,0.740555556,0.867777778,0.944071429,55,0.772727273,0.904761905,0.904761905,0.848484848,0.875,0.860409184,1.7694,2.0058,0.458,0.0192,0.36101,0.6252,8.5543,0.3268,0.0331,0.633945,2.1375,3.5973,0.3453,0.1778,0.872813729,1.061902162,-0.075044372,0.803331593,1.407906851,-0.393148932,0.168670301,0.745701893,0.609820631,-0.277660312,0.239401957,0.75055819,1.050790618,1.612376386,1.823142005,-0.515043211,1.442850795,0.45544749,-0.348959299,-0.293008183256993,-0.452801321008707,-0.607652794776299
112,"w",22,5,4,1,"deu",2,2,108,103,104.4,103,112,107.67,100,107,0.688888889,0.611031746,0.894444444,0.976214286,43,0.681818182,0.714285714,0.619047619,0.696969697,0.65625,1.14564086,1.4268,1.8324,0.825,0.2993,0.3812,1.1833,5.0841,0.2631,0.0975,0.628236522,1.021,3.3108,0.489,0.0911,0.533008606,0.635464179,1.079159215,0.195367034,1.872929965,0.913350872,0.264795669,0.934146414,0.291154964,-1.270907931,0.475599199,1.041621126,0.478375496,0.540012044,0.094655228,-0.76639361,-0.723650873,0.058735987,-0.70297598,0.973673191111443,-0.0583058963538652,-0.653289822031141
113,"w",29,7,4,1,"deu",2,2,108.2,98.6,96.2,102.5,97.33,99.67,103,99,0.863333333,0.920238095,0.977777778,0.929785714,46,0.727272727,0.714285714,0.714285714,0.727272727,0.71875,0.590844792,1.0249,3.6626,0.4563,0.0896,0.350765306,0.6954,8.4993,0.3108,0.0644,0.552312389,1.1499,3.5911,0.3919,0.0975,0.566989119,0.010021804,-0.1342343,0.125163274,-0.175685373,-0.205706775,0.695207762,0.180368328,1.153749962,1.100227307,1.213715604,0.621196878,0.764583057,0.540012044,0.670817487,1.886556211,1.408513411,0.446862459,-0.207352627,-1.49011293448158,-0.652973926753576,-1.26027328189929
114,"w",27,5,4,1,"deu",2,1,100.6,93.2,78.6,93.17,83.67,92.67,91.33,78,0.771111111,0.828968254,0.755396825,0.863071429,42,0.636363636,0.666666667,0.666666667,0.636363636,0.65625,0.734159596,1.5518,2.7362,0.4699,0.2551,0.36011,0.468,6.7517,0.3329,0.1128,0.625889655,1.403,4.2651,0.4574,0.3172,-0.724270347,-0.757566566,-2.738591113,-1.184838882,-2.083257665,-1.184882217,-0.979095281,-1.798299149,0.697728403,0.40032856,-0.756000736,0.017079587,0.192167934,0.271920958,0.382736358,0.543701488,0.317458625,1.380138386,-0.348959299,-0.8536682189302,-0.470386555391538,-0.672052096886626
115,"w",25,7,4,1,"deu",1,1,101,94.4,98.4,97.33,97,99.67,98.33,93,0.851111111,0.978333333,0.947619048,0.923785714,47,0.727272727,0.761904762,0.714285714,0.757575758,0.71875,0.666333333,1.5039,2.8107,0.4086,0.2477,0.319473684,0.5564,6.3779,0.2779,0.0967,0.56721453,1.0351,3.2862,0.4247,0.1575,-0.656309322,-0.586991373,0.191310302,-0.600743601,-0.221768745,-0.205706775,0.025199603,-0.384965237,1.093313371,1.545728075,0.946587765,0.566865129,0.764583057,0.808103129,0.670817487,0.651692288,0.084089274,0.0246728,-0.490565972,-1.15487692491949,-1.26438560129685,-1.1411365496613
116,"w",27,6,4,1,"deu",2,2,97.4,103.4,93.6,102,102.67,93.67,90.33,93,0.89,0.910952381,0.99047619,0.964285714,43,0.681818182,0.666666667,0.666666667,0.696969697,0.65625,1.321834021,1.5514,2.8388,1.0724,0.3343,0.37324,0.7906,9.1488,0.3314,0.0425,0.656814286,1.3177,4.3139,0.5106,0.1982,-1.267958543,0.692322577,-0.518968829,0.054959515,0.570027367,-1.045000011,-1.122565979,-0.384965237,1.28561162,1.029020219,1.326190477,0.933604431,0.478375496,0.271920958,0.382736358,0.692424388,1.814006706,1.447710887,-0.348959299,1.75612694400318,-0.213837524895347,-0.424821884596602
117,"m",29,7,5,1,"deu",2,1,103.8,102,93.4,107.67,94,94.33,95,96,0.75,0.820238095,0.920634921,0.892857143,27,0.454545455,0.380952381,0.428571429,0.424242424,0.40625,0.939390625,1.8447,2.1473,0.5209,0.4983,0.393777778,0.7589,5.0027,0.3246,0.0375,0.711750862,1.4934,2.4451,0.4165,0.0375,-0.180582151,0.493318185,-0.548563793,0.85107015,-0.640708487,-0.952677755,-0.45255782,-0.102298455,0.593337926,0.333381721,0.707578646,0.286797907,-0.952662312,-1.336625555,-1.057669289,-0.309933169,-0.774470202,-1.139983553,-0.207352627,0.0577393972308054,0.187453186029708,0.0143743453266263
118,"m",22,7,4,1,"deu",2,2,112.8,109.6,95.6,107.5,104,107,104,109,0.924444444,0.826269841,0.980952381,0.8155,44,0.636363636,0.714285714,0.714285714,0.696969697,0.6875,0.638623913,1.1295,2.5154,0.4364,0.2035,0.344773196,0.4363,6.76,0.3185,0.1117,0.537090351,1.0225,3.9963,0.4074,0.1842,1.3485409,1.573627742,-0.223019191,0.827200872,0.75575732,0.819629794,0.83867846,1.122590936,1.455932923,0.379635899,1.241834322,-0.413693565,0.192167934,0.540012044,0.670817487,0.22364285,0.322640449,1.007935761,-0.70297598,-1.27793130198156,-0.770054658751026,-1.38196746432064
119,"m",28,7,5,1,"deu",1,1,105.6,94.4,101.2,102.67,98.67,96.67,101.33,98,0.422222222,0.634126984,0.439365079,0.822642857,27,0.454545455,0.380952381,0.428571429,0.424242424,0.40625,0.657702326,0.7666,2.101,0.5463,0.1696,0.332969697,0.9663,8.4818,0.279,0.0608,0.63322931,0.9419,4.2737,0.5252,0.1593,0.125242459,-0.586991373,0.605639795,0.149032553,0.011441045,-0.625353393,0.455611697,0.086146067,-1.027461598,-1.093803118,-3.555219309,-0.349012913,-0.952662312,-1.336625555,-1.057669289,-0.377046914,1.397587879,1.392046655,-0.278155963,-1.19320624360618,-1.00068498814271,-0.613374453690639
120,"w",25,5,4,1,"deu",2,1,103.2,90.6,95,100,95,94.67,91.67,89,0.625555556,0.83984127,0.935873016,0.814285714,43,0.681818182,0.666666667,0.666666667,0.696969697,0.65625,1.265014583,1.672,1.764,0.8382,0.3139,0.414868687,1.0506,6.174,0.3275,0.152,0.850632743,1.5437,2.0498,0.497,0.1396,-0.282523688,-1.127146151,-0.311804083,-0.225855524,-0.501061906,-0.905117805,-0.930315244,-0.76185428,-0.022016467,0.483707803,0.842548499,-0.424689278,0.478375496,0.271920958,0.382736358,-0.86554221,-0.043208775,-1.6873485,-0.490565972,1.50379829374246,0.599551606154107,1.12468013758872
122,"w",23,7,4,1,"deu",2,2,106,86.2,94,98.5,84.67,98,97.33,87,0.826666667,0.934444444,0.936507937,0.938142857,39,0.590909091,0.619047619,0.619047619,0.606060606,0.59375,0.622710638,0.7371,3.5041,0.5395,0.1973,0.303828283,0.7795,7.9864,0.2589,0.0447,0.570638739,0.9401,2.7752,0.4307,0.1644,0.193203484,-1.752588527,-0.459778902,-0.436466803,-1.943611084,-0.43931006,-0.118271095,-0.950298802,0.972440188,1.209168067,0.848172247,0.696873243,-0.094039627,0.003829873,0.094655228,1.656803973,1.088301692,-0.682899898,-0.632172644,-1.34860034312867,-1.57008342751727,-1.11376135097274
123,"m",19,5,4,1,"deu",2,2,108.2,105,102.4,113.33,100.67,99.67,99,107,0.672222222,0.892063492,0.941428571,0.927357143,54,0.818181818,0.857142857,0.857142857,0.848484848,0.84375,0.83339798,1.6355,1.9276,0.4556,0.0466,0.341206186,0.634,8.181,0.3046,0.0325,0.573010619,1.0305,3.8076,0.4392,0.1311,0.566989119,0.919756168,0.783209577,1.64577671,0.290734206,-0.205706775,0.121324971,0.934146414,0.208741428,0.884171607,0.891756254,0.59920546,1.33699818,1.3442853,1.535060875,-0.628397312,1.209793602,0.746646195,-0.915385988,-0.412961862616456,-0.839750999746472,-1.09479910706022
124,"m",25,7,1,1,"deu",2,2,113,109.2,98.8,107.67,94.67,114.67,110.33,111,0.662222222,0.795555556,0.900793651,0.929785714,47,0.727272727,0.761904762,0.714285714,0.727272727,0.75,0.978019792,1.8986,1.5114,0.4396,0.4253,0.365268041,0.9619,4.3779,0.2589,0.0525,0.690908772,1.1395,2.6215,0.4927,0.0975,1.382521412,1.516769345,0.250500229,0.85107015,-0.547145278,1.892526314,1.746847977,1.311035457,0.159293307,0.14410476,0.531836644,0.621196878,0.764583057,0.808103129,0.670817487,-1.23169625,-1.16454289,-0.895725581,-0.490565972,0.22928712654495,-0.36960282212348,-0.152249933400185
125,"w",23,7,4,1,"deu",2,2,104,111.6,104.4,106,101.67,111.33,108.33,110,0.88,0.844761905,0.920634921,0.908357143,54,0.863636364,0.80952381,0.857142857,0.878787879,0.8125,0.6153,0.8618,2.619,0.4867,0.091,0.299876289,1.0248,10.3401,0.2496,0.0506,0.581040708,0.9655,3.0051,0.4345,0.1275,-0.146601639,1.857919731,1.079159215,0.616589593,0.430380787,1.425319746,1.459906581,1.216813197,1.236163499,0.521441475,0.707578646,0.427154923,1.623205741,1.076194215,1.535060875,0.373815291,2.557754455,-0.364561418,-0.632172644,-1.38151014213286,-1.64730202837232,-1.03060171669596
126,"w",23,5,4,1,"deu",1,2,111,101.8,97.6,108.83,100,101.67,98,104,0.754444444,0.774126984,0.900793651,0.922642857,52,0.818181818,0.857142857,0.761904762,0.848484848,0.78125,0.918646939,1.9483,2.6804,0.5634,0.2678,0.41573,1.0508,5.7121,0.3242,0.1012,0.712235593,1.4348,3.9999,0.5359,0.2431,1.04271629,0.464888986,0.072930446,1.013942873,0.197170997,0.074057636,-0.022145727,0.651479632,0.615314866,-0.020219298,0.531836644,0.556516226,1.33699818,1.3442853,0.958898616,0.462817104,-0.331580374,1.012920618,-0.632172644,-0.0343809487995817,0.616380929467417,0.0182495782447986
127,"m",24,5,4,1,"deu",2,1,109.2,109,89.8,110.67,98,102.33,91.67,102,0.938888889,0.95,0.94047619,0.971428571,38,0.590909091,0.666666667,0.523809524,0.606060606,0.5625,1.186583158,1.854,2.601,0.8221,0.2487,NA,NA,NA,NA,NA,0.818389916,2.0204,3.1021,0.4866,0.2539,0.73689168,1.488340146,-1.081273141,1.272292708,-0.082122164,0.166379892,-0.930315244,0.46303511,1.52735799,1.328455161,0.883320638,0.998285082,-0.094039627,0.271920958,-0.481507031,0.347723554,NA,-0.230247227,-0.561369308,1.1554932716429,NA,0.866911468852118
128,"w",22,5,4,1,"deu",2,1,102.6,92.6,95.2,93.5,96.33,102.67,98,90,0.432222222,0.853571429,0.942857143,0.795285714,39,0.590909091,0.619047619,0.619047619,0.606060606,0.59375,1.121128723,1.3787,1.7656,0.8169,0.2429,0.3682,0.9766,6.0381,0.29,0.1222,0.923585965,1.7902,1.7815,0.4453,0.2477,-0.384465224,-0.842854162,-0.282209119,-1.138504401,-0.315331954,0.213939842,-0.022145727,-0.667632019,-0.978013477,0.588996921,0.904409683,-0.596739815,-0.094039627,0.003829873,0.094655228,-0.863222944,-0.128053331,-2.058858784,-0.70297598,0.864817583560102,-0.312314837439201,1.7079123372648
129,"w",21,5,4,1,"deu",2,1,100.8,85.4,93.6,95.83,88,91.67,95,83,0.488888889,0.834047619,0.905714286,0.860785714,31,0.454545455,0.476190476,0.523809524,0.484848485,0.46875,0.954925,1.6659,1.9675,0.5822,0.1746,0.39489899,0.9006,4.2779,0.2946,0.0825,0.751715517,1.8004,3.2461,0.4635,0.2922,-0.690289834,-1.866305322,-0.518968829,-0.81135488,-1.478587971,-1.324764423,-0.45255782,-1.327187845,-0.697807456,0.439279446,0.575420661,-0.003618228,-0.952662312,-0.800443384,-0.481507031,-0.570560629,-1.226974499,-0.030852963,-0.773779316,0.12672578664905,0.209360714710644,0.333875979468924
130,"w",24,5,4,1,"deu",2,1,109,108.8,96.6,106.5,108.33,105.67,97,106,0.664444444,0.907539683,0.952380952,0.938142857,38,0.590909091,0.619047619,0.571428571,0.606060606,0.5625,0.909225532,1.2591,2.0145,0.6453,0.3226,0.355,1.1357,4.9223,0.2415,0.0526,0.658565812,0.8492,4.3437,0.5698,0.2101,0.702911168,1.459910947,-0.075044372,0.686793352,1.360427014,0.63358646,-0.165616425,0.839924153,0.170281777,1.002850095,0.988765839,0.696873243,-0.094039627,0.003829873,-0.193425901,-0.502432205,-0.824665215,1.488974422,-0.561369308,-0.076220343829622,-0.570231608387389,-0.410819125927906
131,"w",19,5,4,1,"deu",2,2,107.6,103.6,105.2,107.33,96.67,105.33,110.67,108,0.856666667,0.789126984,0.891428571,0.926142857,38,0.545454545,0.619047619,0.619047619,0.606060606,0.5625,0.832821277,1.3013,2.5727,0.597,0.2042,0.312142857,1.0827,9.4891,0.2568,0.0366,0.51362,0.896,4.2379,0.4133,0.1244,0.465047582,0.720751776,1.19753907,0.803331593,-0.267852116,0.58602651,1.795628014,1.028368675,1.120784551,0.09480754,0.448886415,0.588209746,-0.380247189,0.003829873,0.094655228,0.306701545,2.026461469,1.342475025,-0.915385988,-0.415522934931027,-1.40762372464684,-1.56960365180664
132,"w",19,5,4,1,"deu",2,1,100.2,95.6,98,98.5,90.67,103.33,98.67,93,0.238888889,0.695555556,0.730793651,0.917857143,51,0.818181818,0.80952381,0.761904762,0.818181818,0.78125,1.125715464,2.0805,1.5239,0.5003,0.0105,NA,NA,NA,NA,NA,1.0465,1.479,3.5577,0.8422,0.1719,-0.792231371,-0.416416179,0.132120374,-0.436466803,-1.1057316,0.306262098,0.073979641,-0.384965237,-1.934010481,-0.622740825,-0.97392081,0.513180191,1.33699818,1.076194215,0.958898616,-1.213576988,NA,0.400614068,-0.915385988,0.88518677773667,NA,2.69056150667521
133,"m",19,5,4,1,"deu",1,1,107,112.2,92.6,111,92.33,105,100.33,105,0.833333333,0.79,0.952380952,0.917857143,27,0.409090909,0.428571429,0.428571429,0.424242424,0.40625,0.705324742,1.4592,2.7907,0.4572,0.1402,0.354714286,0.9719,6.4639,0.2806,0.0375,0.691168421,1.2829,3.119,0.4906,0.2887,0.363106045,1.943207328,-0.666943648,1.31862719,-0.873918277,0.539865382,0.312140999,0.745701893,1.005405599,0.101502224,0.988765839,0.513180191,-1.238869873,-1.06853447,-1.057669289,0.622701469,0.137780457,-0.206846094,-0.915385988,-0.981720520156496,-0.575814216894563,-0.150174142184086
134,"m",32,7,4,1,"deu",2,2,106.8,105.4,102.2,116.17,89.67,104.67,97.33,106,0.806666667,0.698015873,0.867619048,0.935714286,29,0.454545455,0.476190476,0.428571429,0.454545455,0.4375,1.0031,1.7844,2.2776,0.6376,0.2524,0.45089899,1.2241,4.832,0.3203,0.0525,0.771701709,1.464,3.1723,0.5548,0.0523,0.329125533,0.976614566,0.753614613,2.044534065,-1.245378181,0.493704254,-0.118271095,0.839924153,0.873543946,-0.603873993,0.237996022,0.674881825,-0.952662312,-0.800443384,-1.057669289,-0.121057985,-0.881040957,-0.133042523,0.005057381,0.340665472682377,1.30355307630902,0.493657691691429
135,"w",24,7,4,1,"deu",2,2,106,90.2,95.8,98.67,103.33,97,89,91,0.423333333,0.660952381,0.763333333,0.842928571,42,0.636363636,0.666666667,0.666666667,0.636363636,0.65625,0.777297849,1.088,2.1648,0.5761,0.2806,0.316717172,0.9663,8.4676,0.2607,0.0193,0.725511017,1.5985,2.6974,0.4378,0.1664,0.193203484,-1.184004549,-0.193424228,-0.412597525,0.662194111,-0.579192265,-1.313382007,-0.573409759,-1.021967362,-0.888093745,-0.685703935,-0.165319862,0.192167934,0.271920958,0.382736358,-0.284566202,1.388722591,-0.790628188,-0.561369308,-0.662096152446626,-1.31824550085139,0.124381350480337
136,"m",19,5,4,1,"deu",2,2,113.6,109,96,116.5,98.33,104.33,95.33,109,0.926666667,0.767857143,0.949206349,0.971428571,57,0.863636364,0.904761905,0.904761905,0.909090909,0.875,0.801368,1.7268,2.5729,0.4917,0.1604,0.438908163,1.2184,3.2333,0.2549,0.0038,0.660239831,1.501,3.5876,0.4477,0.1542,1.484462949,1.488340146,-0.163829264,2.090868547,-0.036038793,0.446144304,-0.40521249,1.122590936,1.466921398,-0.068299297,0.96064712,0.998285082,1.623205741,1.612376386,1.823142005,0.306991453,-1.879135078,0.442016071,-0.915385988,-0.555203354362252,1.0692625171546,-0.397436005115646
137,"m",19,5,4,1,"deu",2,1,105,103,105.4,110.5,108,105.33,88,106,0.973333333,0.983333333,0.988888889,1,31,0.5,0.476190476,0.476190476,0.484848485,0.46875,1.116957576,2.3689,3.0572,0.7314,0.4062,0.4128,0.8601,5.1578,0.3347,0.0825,0.799646154,1.5122,2.7829,0.538,0.3497,0.023300923,0.635464179,1.227134034,1.24842343,1.314343642,0.58602651,-1.456852705,0.839924153,1.697679293,1.584070354,1.312131123,1.257007697,-0.66645475,-0.800443384,-0.76958816,1.009004129,-0.677638778,-0.672237844,-0.915385988,0.846293994985553,0.559131221976645,0.717062493827205
138,"w",23,5,4,1,"deu",2,1,106,98,100.6,107.67,90.67,104,97.67,100,0.463333333,0.843015873,0.873015873,0.788142857,46,0.727272727,0.714285714,0.714285714,0.727272727,0.71875,0.948302247,1.146,2.0649,0.7032,0.4312,0.372848485,0.8492,6.0078,0.3026,0.11,0.658609244,1.6535,3.6069,0.4316,0.1613,0.193203484,-0.075265793,0.516854903,0.85107015,-1.1057316,0.399983176,-0.069491057,0.274590589,-0.824174878,0.508052106,0.285797843,-0.661420466,0.764583057,0.540012044,0.670817487,-0.429375342,-0.146970108,0.468740441,-0.632172644,0.0973148951597659,-0.221487394939119,-0.41047190423979
139,"w",20,5,4,1,"deu",2,1,104,94.8,87.6,96,87,108,90.33,87,0.73,0.745,0.871746032,0.857142857,50,0.727272727,0.80952381,0.80952381,0.787878788,0.78125,0.716517895,1.2804,3.0487,0.515,0.1638,0.323947917,1.2005,7.3849,0.2445,0.0271,0.573754545,0.9428,3.2965,0.44,0.1839,-0.146601639,-0.530132975,-1.406817743,-0.787485602,-1.618234551,0.959512,-1.122565979,-0.950298802,0.494441683,-0.243578289,0.274550357,-0.03660536,0.764583057,1.076194215,1.246979746,0.996683031,0.712775569,0.038935029,-0.844582652,-0.932013003009782,-1.17696289464308,-1.08885171247666
140,"w",19,5,4,1,"deu",2,2,100.2,93.4,101.6,94.83,100.67,102.67,99,94,0.61,0.856904762,0.887301587,0.922642857,49,0.772727273,0.80952381,0.714285714,0.757575758,0.78125,0.88651875,1.4934,2.2661,0.5717,0.1894,0.381979592,1.0834,4.5644,0.2645,0.0652,0.804132773,1.3763,3.4775,0.6111,0.2199,-0.792231371,-0.729137367,0.664829722,-0.9517624,0.290734206,0.213939842,0.121324971,-0.290742976,-0.098935769,0.614558438,0.41233208,0.556516226,1.050790618,1.076194215,0.670817487,-0.137727706,-1.048107941,0.28956254,-0.915385988,-0.177058575524633,-0.0430733318616653,0.752931240905688
141,"w",19,5,4,1,"deu",1,2,106.6,98.6,91.4,98.17,102.67,106.33,89,95,0.673333333,0.778333333,0.746190476,0.971428571,40,0.590909091,0.666666667,0.619047619,0.606060606,0.625,0.737129293,2.9539,3.646,0.3349,0.0675,0.365,0.7938,7.5253,0.3167,0.0308,0.642942857,1.2373,4.2478,0.5027,0.1425,0.295145021,0.010021804,-0.844513431,-0.482801285,0.570027367,0.725908716,-1.313382007,-0.196520715,0.214235663,0.012036903,-0.837545022,0.998285082,-0.094039627,0.271920958,0.094655228,1.862493832,0.800429547,1.356183381,-0.915385988,-0.840480132914755,-0.374840115244823,-0.535718481436707
143,"w",23,5,4,1,"deu + russisch",2,1,99,90.6,96.8,95.5,98,95.67,92.67,87,0.534444444,0.426190476,0.728253968,0.827428571,29,0.454545455,0.428571429,0.428571429,0.454545455,0.40625,1.076335227,1.6141,1.3395,0.609,0.5455,NA,NA,NA,NA,NA,NA,NA,NA,NA,NA,-0.996114445,-1.127146151,-0.045449409,-0.857689362,-0.082122164,-0.765235599,-0.786844546,-0.950298802,-0.472543796,-2.68835505,-0.99641579,-0.305676878,-0.952662312,-1.06853447,-1.057669289,-1.480872337,NA,NA,-0.632172644,0.665894771508725,NA,NA
144,"w",21,5,4,1,"deu",2,1,108,85.8,95.4,94.33,95.67,101,96.67,89,0.79,0.821190476,0.877142857,0.833357143,38,0.590909091,0.619047619,0.571428571,0.575757576,0.59375,1.083270526,1.742,1.6242,0.6234,0.0525,0.3548,1.0248,5.4821,0.2638,0.0763,0.728946087,1.4934,2.9872,0.4781,0.2023,0.533008606,-1.809446924,-0.252614155,-1.021966159,-0.407498697,-0.019663442,-0.212961755,-0.76185428,0.79113041,0.340685013,0.322352177,-0.251991931,-0.094039627,0.003829873,-0.193425901,-1.068188032,-0.475173072,-0.389347233,-0.773779316,0.69669364417312,-0.57413943825024,0.151843378574742
145,"m",19,5,4,1,"deu",2,1,112,110.6,103.6,115.17,100.33,112.67,100.33,114,0.946666667,0.898333333,0.961111111,0.927357143,64,1,1,1,1,1,1.04217449,2.2411,2.1749,0.5231,0.0142,0.354164948,0.9995,5.888,0.2664,0.0095,0.573282051,1.059,4.7095,0.4597,0.1275,1.212618851,1.715773737,0.96077936,1.904126546,0.243254369,1.612761902,0.312140999,1.59370224,1.56581764,0.932251606,1.066092321,0.59920546,2.481828426,2.148558557,2.399304263,-0.269925839,-0.221763175,1.995491238,-0.915385988,0.514190830700277,-0.586547814100558,-1.09262911541239
146,"w",22,5,4,1,"deu",2,2,108.6,98.8,100.2,98.67,106,107.33,102,102,0.844444444,0.938095238,0.964285714,1,53,0.818181818,0.857142857,0.80952381,0.848484848,0.8125,0.596898936,0.8492,2.8902,0.4835,0.1902,0.32994,0.7906,7.6805,0.28,0.0689,0.603056637,0.9808,3.5488,0.4711,0.1125,0.634950143,0.038451003,0.457664976,-0.412597525,1.035050481,0.865790922,0.551737064,0.46303511,1.060347955,1.237164019,1.094211039,1.257007697,1.33699818,1.3442853,1.246979746,0.766930792,0.897323403,0.388290394,-0.70297598,-1.46322717077508,-1.05988269020266,-0.854593058729046
147,"w",22,5,4,1,"deu",2,1,102.6,90,94.6,102.33,88,92.67,93.33,88,0.741111111,0.857936508,0.764603175,0.95,45,0.681818182,0.714285714,0.714285714,0.727272727,0.6875,0.780539796,1.7077,2.918,0.4895,0.1127,0.375591837,0.5564,6.3752,0.334,0.0526,0.613244348,1.4124,3.6352,0.4218,0.0675,-0.384465224,-1.212433748,-0.37099401,0.101293996,-1.478587971,-1.184882217,-0.692153886,-0.856076541,0.54938404,0.622470337,-0.674456441,0.804243128,0.478375496,0.540012044,0.670817487,0.80722803,0.082403621,0.507926952,-0.70297598,-0.647699035200821,-0.167884630589555,-0.773146332548888
148,"w",26,7,4,1,"deu",2,2,98,90.8,94.4,91,95.33,98,96.67,85,0.441111111,0.635555556,0.594761905,0.883357143,37,0.590909091,0.571428571,0.571428571,0.545454545,0.59375,0.916818478,1.3659,2.0136,0.6177,0.2914,0.405575758,1.0337,5.4795,0.3102,0.1125,0.649961947,1.4489,2.7578,0.3867,0.1225,-1.166017006,-1.098716952,-0.400588974,-1.489523199,-0.454978535,-0.43931006,-0.212961755,-1.138743323,-0.934059591,-1.082848177,-2.178807961,0.200772638,-0.094039627,-0.264261213,-0.193425901,-0.503736792,-0.476796294,-0.706993372,-0.419762636,-0.0425009357692586,0.417975678856321,-0.479603628820267
149,"w",26,6,4,1,"deu",2,1,107.4,90.6,101,99.17,98,105.33,96.67,96,0.604444444,0.815238095,0.807301587,0.9,34,0.545454545,0.523809524,0.523809524,0.515151515,0.53125,1.17386701,2.1529,1.7177,0.6078,0.4876,0.31959,0.8492,8.8143,0.2703,0.114,0.59731875,1.2332,2.6107,0.381,0.2777,0.43106707,-1.127146151,0.576044831,-0.342393765,-0.082122164,0.58602651,-0.212961755,-0.102298455,-0.126406949,0.295039442,-0.296259663,0.351478558,-0.380247189,-0.532352298,-0.481507031,-0.932655955,1.605172976,-0.91068015,-0.419762636,1.0990223072283,-1.26211288560522,-0.900465199324876
150,"m",29,7,4,1,"deu",1,2,106.4,92.4,91,95.83,101.67,97.33,92.33,90,0.436666667,0.67547619,0.753015873,0.797642857,40,0.636363636,0.619047619,0.619047619,0.606060606,0.625,1.0421875,2.2547,2.4275,0.5749,0.4917,0.415226804,1.3304,4.8309,0.273,0.0838,0.904783193,1.8586,3.0352,0.5854,0.5021,0.261164508,-0.871283361,-0.903703358,-0.81135488,0.430380787,-0.533031138,-0.835624584,-0.667632019,-0.956036531,-0.776718557,-0.777089772,-0.575395198,0.192167934,0.003829873,0.094655228,0.096228201,-0.881727705,-0.322882478,-0.207352627,0.514248606627942,0.606548907689081,1.55759160059373
